net,length_um
carry\[0\],12.955µm
carry\[1\],12.051µm
carry\[4\],11.193µm
carry\[5\],10.199µm
ll2_flat\[21\],10.068µm
u_xp17x7_carry/_110_,9.149µm
ll2_flat\[18\],9.114µm
ll2_flat\[16\],9.054µm
ll2_flat\[9\],8.788µm
u_xp17x7_carry/_130_,8.737µm
u_xp17x7_carry/_127_,8.286µm
ll2_flat\[24\],8.253µm
hl1_flat\[12\],8.251µm
ll2_flat\[5\],8.235µm
ll2_flat\[20\],7.892µm
u_xp13_lo_l3/_030_,7.862µm
u_xp13_lo_l3/_188_,7.819µm
u_xp13_lo_l3/_177_,7.609µm
hl1_flat\[11\],7.599µm
ll2_flat\[6\],7.476µm
ll2_flat\[3\],7.291µm
u_xp13_lo_l3/_076_,7.119µm
u_xp13_lo_l3/_090_,6.812µm
hl1_flat\[14\],6.81µm
ll2_flat\[1\],6.771µm
u_xp13_lo_l3/_042_,6.685µm
ll2_flat\[7\],6.676µm
high_sum\[13\],6.587µm
ll2_flat\[23\],6.245µm
ll2_flat\[8\],6.126µm
ll2_flat\[19\],6.052µm
ll2_flat\[4\],5.945µm
u_xp13_lo_l3/_201_,5.907µm
hl2_flat\[6\],5.866µm
hl1_flat\[13\],5.857µm
ll2_flat\[22\],5.814µm
u_xp13_lo_l3/_015_,5.792µm
hl2_flat\[15\],5.787µm
ll2_flat\[11\],5.656µm
ll2_flat\[14\],5.629µm
u_xp13_lo_l3/_006_,5.537µm
u_xp13_lo_l3/_176_,5.413µm
carry\[2\],5.317µm
hl2_flat\[3\],5.293µm
ll2_flat\[2\],5.293µm
u_xp13_lo_l3/_026_,5.18µm
hl2_flat\[17\],5.119µm
ll2_flat\[15\],5.079µm
u_xp13_lo_l3/_180_,4.985µm
u_xp13_lo_l3/_172_,4.925µm
hl2_flat\[13\],4.893µm
hl2_flat\[5\],4.82µm
ll2_flat\[0\],4.767µm
hl2_flat\[2\],4.735µm
u_xp13_lo_l3/_052_,4.648µm
u_xp13_lo_l3/_173_,4.599µm
ll2_flat\[12\],4.529µm
hl2_flat\[11\],4.519µm
high_sum\[14\],4.498µm
hl2_flat\[16\],4.403µm
u_xp13_lo_l3/_019_,4.398µm
hl2_flat\[14\],4.371µm
hl2_flat\[12\],4.226µm
u_xp9_hi_l3/_041_,4.19µm
hl2_flat\[1\],4.13µm
u_xp13_lo_l3/_060_,4.105µm
ll2_flat\[13\],4.079µm
u_xp13_lo_l3/_034_,4.065µm
hl2_flat\[4\],4.061µm
high_sum\[15\],4.056µm
hl2_flat\[0\],4.048µm
ll2_flat\[25\],4.031µm
high_sum\[1\],3.993µm
u_xp9_hi_l3/_038_,3.969µm
hl1_flat\[18\],3.962µm
xp7_lo_l2\[0\].u_xp7/_019_,3.916µm
ll2_flat\[10\],3.909µm
ll1_flat\[16\],3.902µm
u_xp13_lo_l3/_198_,3.859µm
carry\[6\],3.856µm
carry\[3\],3.785µm
hl1_flat\[7\],3.772µm
u_xp9_hi_l3/_057_,3.765µm
high_sum\[16\],3.745µm
u_xp13_lo_l3/_191_,3.717µm
u_xp9_hi_l3/_085_,3.65µm
ll1_flat\[1\],3.624µm
u_xp9_hi_l3/_001_,3.605µm
u_xp13_lo_l3/_005_,3.599µm
hl2_flat\[7\],3.556µm
u_xp13_lo_l3/_001_,3.516µm
hl1_flat\[8\],3.446µm
u_xp9_hi_l3/_064_,3.437µm
u_xp13_lo_l3/_175_,3.42µm
hl1_flat\[17\],3.398µm
high_sum\[6\],3.339µm
ll1_flat\[8\],3.324µm
low_sum\[14\],3.299µm
hd[1],3.267µm
ll1_flat\[15\],3.247µm
ll2_flat\[17\],3.247µm
u_xp13_lo_l3/_181_,3.222µm
u_xp9_hi_l3/_075_,3.221µm
ll1_flat\[12\],3.163µm
ps_flat\[62\],3.161µm
hi_flat\[11\],3.149µm
xp3_hi_l1\[2\].u_xp3/sum_bit\[0\].grid_and,3.143µm
ll1_flat\[6\],3.137µm
hl2_flat\[10\],3.125µm
hi_flat\[23\],3.111µm
hl1_flat\[19\],3.08µm
ll1_flat\[25\],3.075µm
u_xp9_hi_l3/_039_,3.064µm
high_sum\[11\],3.034µm
ll1_flat\[0\],3.018µm
hd[0],3.001µm
ll1_flat\[27\],2.996µm
ll1_flat\[13\],2.994µm
high_sum\[10\],2.989µm
ll1_flat\[23\],2.962µm
u_xp17x7_carry/_103_,2.962µm
ps_flat\[12\],2.863µm
_048_,2.828µm
hl1_flat\[10\],2.828µm
ll1_flat\[2\],2.783µm
ll1_flat\[26\],2.767µm
hi_flat\[17\],2.724µm
_039_,2.702µm
ps_flat\[22\],2.687µm
ll1_flat\[4\],2.68µm
ps_flat\[32\],2.673µm
hl1_flat\[2\],2.667µm
ps_flat\[2\],2.659µm
ps_flat\[42\],2.631µm
ll1_flat\[9\],2.627µm
high_sum\[9\],2.618µm
ps_flat\[72\],2.609µm
ps_flat\[52\],2.585µm
u_xp9_hi_l3/_050_,2.583µm
high_sum\[12\],2.576µm
u_xp9_hi_l3/_043_,2.555µm
ll1_flat\[22\],2.55µm
high_sum\[2\],2.543µm
hi_flat\[22\],2.534µm
ll1_flat\[18\],2.514µm
ps_flat\[38\],2.489µm
low_sum\[12\],2.483µm
lo_flat\[8\],2.397µm
low_sum\[15\],2.387µm
_038_,2.361µm
_051_,2.359µm
xp7_lo_l2\[0\].u_xp7/_008_,2.351µm
xp5_s2l2\[2\].u_xp5/_01_,2.345µm
high_sum\[7\],2.335µm
u_xp13_lo_l3/_066_,2.324µm
hl2_flat\[8\],2.303µm
lo_flat\[22\],2.3µm
xp5_s2l2\[4\].u_xp5/_04_,2.273µm
hl2_flat\[9\],2.272µm
ps_flat\[8\],2.252µm
u_xp9_hi_l3/_074_,2.248µm
xp3_hi_l1\[3\].u_xp3/sum_bit\[0\].grid_and,2.22µm
hl1_flat\[16\],2.219µm
u_xp13_lo_l3/_208_,2.208µm
ll1_flat\[21\],2.205µm
lo_flat\[20\],2.191µm
ps_flat\[28\],2.191µm
ps_flat\[58\],2.191µm
hl1_flat\[6\],2.179µm
ll1_flat\[11\],2.179µm
xp7_lo_l2\[1\].u_xp7/_019_,2.165µm
u_xp17x7_carry/_121_,2.152µm
xp5_s2l2\[6\].u_xp5/_01_,2.146µm
upper\[14\],2.142µm
u_xp17x7_carry/_118_,2.14µm
low_sum\[11\],2.131µm
xp5_s2l2\[0\].u_xp5/_01_,2.125µm
ll1_flat\[14\],2.121µm
ps_flat\[51\],2.106µm
hi_flat\[21\],2.1µm
xp7_lo_l2\[0\].u_xp7/_005_,2.096µm
ps_flat\[78\],2.084µm
ll1_flat\[17\],2.069µm
u_xp17x7_carry/_026_,2.068µm
ll1_flat\[20\],2.066µm
_017_,2.065µm
u_xp9_hi_l3/_090_,2.065µm
xp4_lo_l1\[1\].u_xp4/_04_,2.059µm
xp3_hi_l1\[1\].u_xp3/sum_bit\[0\].grid_and,2.051µm
xp7_lo_l2\[1\].u_xp7/_016_,2.048µm
high_sum\[8\],2.044µm
low_sum\[19\],2.044µm
xp5_s2l2\[4\].u_xp5/_01_,2.033µm
hl1_flat\[9\],2.028µm
ps_flat\[68\],2.024µm
u_xp9_hi_l3/_046_,2.023µm
u_xp9_hi_l3/_065_,2.023µm
xp4_lo_l1\[0\].u_xp4/_04_,2.023µm
lo_flat\[23\],2.011µm
u_xp17x7_carry/_059_,2.009µm
hl1_flat\[5\],1.984µm
xp7_lo_l2\[0\].u_xp7/_000_,1.976µm
hi_flat\[10\],1.963µm
upper\[19\],1.939µm
cell_oh_flat\[3\],1.936µm
xp5_s2l2\[3\].u_xp5/_01_,1.936µm
ll1_flat\[3\],1.932µm
ps_flat\[64\],1.932µm
hi_flat\[5\],1.927µm
ll1_flat\[7\],1.925µm
xp5_hi_l2\[1\].u_xp5/_01_,1.915µm
xp5_s2l2\[7\].u_xp5/_01_,1.897µm
ps_flat\[48\],1.883µm
hi_flat\[9\],1.882µm
xp7_lo_l2\[0\].u_xp7/_016_,1.881µm
hd[3],1.874µm
ps_flat\[1\],1.873µm
xp5_hi_l2\[0\].u_xp5/_01_,1.866µm
xp5_hi_l2\[0\].u_xp5/_15_,1.866µm
lo_flat\[15\],1.861µm
ps_flat\[15\],1.858µm
ll1_flat\[10\],1.848µm
xp7_lo_l2\[1\].u_xp7/_027_,1.845µm
xp7_lo_l2\[1\].u_xp7/_030_,1.827µm
xp5_hi_l2\[1\].u_xp5/_15_,1.803µm
xp5_s2l2\[4\].u_xp5/_15_,1.796µm
hl1_flat\[1\],1.792µm
r4_split\[1\].boh\[7\],1.788µm
xp5_s2l2\[1\].u_xp5/_01_,1.785µm
xp7_lo_l2\[1\].u_xp7/_001_,1.785µm
lo_flat\[31\],1.781µm
u_xp9_hi_l3/_042_,1.779µm
lo_flat\[1\],1.777µm
ps_flat\[17\],1.773µm
ps_flat\[5\],1.765µm
ps_flat\[23\],1.757µm
ps_flat\[53\],1.756µm
ps_flat\[18\],1.75µm
xp7_lo_l2\[1\].u_xp7/_009_,1.74µm
ps_flat\[41\],1.722µm
lo_flat\[25\],1.708µm
xp7_lo_l2\[1\].u_xp7/_008_,1.701µm
_059_,1.697µm
ps_flat\[31\],1.688µm
r4_split\[1\].boh\[6\],1.686µm
xp5_s2l2\[6\].u_xp5/_15_,1.684µm
xp5_s2l2\[6\].u_xp5/_00_,1.682µm
ps_flat\[11\],1.675µm
xp5_s2l2\[5\].u_xp5/_15_,1.673µm
xp7_lo_l2\[0\].u_xp7/_004_,1.663µm
lo_flat\[30\],1.658µm
lo_flat\[3\],1.652µm
hi_flat\[20\],1.647µm
ps_flat\[43\],1.647µm
xp5_s2l2\[5\].u_xp5/_07_,1.645µm
u_xp17x7_carry/_023_,1.638µm
xp5_s2l2\[5\].u_xp5/_01_,1.638µm
ps_flat\[13\],1.634µm
u_xp17x7_carry/_076_,1.631µm
xp5_s2l2\[1\].u_xp5/_04_,1.624µm
xp4_lo_l1\[2\].u_xp4/_01_,1.617µm
lo_flat\[0\],1.604µm
lo_flat\[9\],1.603µm
hi_flat\[6\],1.599µm
xp5_s2l2\[0\].u_xp5/_15_,1.597µm
xp7_lo_l2\[1\].u_xp7/_005_,1.59µm
u_xp17x7_carry/_139_,1.579µm
r4_split\[1\].boh\[4\],1.575µm
u_xp17x7_carry/_102_,1.575µm
u_xp9_hi_l3/_054_,1.575µm
r4_split\[5\].boh\[6\],1.568µm
low_sum\[21\],1.561µm
ps_flat\[35\],1.561µm
u_xp17x7_carry/_058_,1.561µm
xp5_s2l2\[3\].u_xp5/_15_,1.551µm
hl1_flat\[15\],1.549µm
hl1_flat\[3\],1.537µm
ps_flat\[65\],1.537µm
xp4_lo_l1\[3\].u_xp4/_11_,1.532µm
xp5_s2l2\[4\].u_xp5/_03_,1.532µm
ps_flat\[3\],1.508µm
ps_flat\[55\],1.505µm
u_xp17x7_carry/_114_,1.505µm
xp4_lo_l1\[0\].u_xp4/_01_,1.505µm
u_xp17x7_carry/_004_,1.491µm
xp5_s2l2\[2\].u_xp5/_15_,1.491µm
xp5_s2l2\[7\].u_xp5/_00_,1.491µm
xp5_s2l2\[2\].u_xp5/_04_,1.485µm
cell_oh_flat\[71\],1.481µm
xp7_lo_l2\[0\].u_xp7/_009_,1.48µm
xp5_s2l2\[5\].u_xp5/_04_,1.467µm
u_xp17x7_carry/_090_,1.463µm
r4_split\[6\].boh\[7\],1.462µm
u_xp17x7_carry/_105_,1.449µm
xp3_s2l1\[15\].u_xp3/_04_,1.444µm
_031_,1.44µm
ps_flat\[45\],1.432µm
_019_,1.427µm
xp5_s2l2\[7\].u_xp5/_04_,1.427µm
ps_flat\[4\],1.421µm
r4_split\[0\].boh\[4\],1.408µm
cell_oh_flat\[44\],1.407µm
ps_flat\[25\],1.399µm
ps_flat\[74\],1.399µm
ps_flat\[33\],1.393µm
xp5_hi_l2\[0\].u_xp5/_00_,1.393µm
r4_split\[2\].boh\[7\],1.39µm
ps_flat\[27\],1.383µm
xp7_lo_l2\[0\].u_xp7/_030_,1.379µm
xp5_s2l2\[2\].u_xp5/_03_,1.377µm
lo_flat\[6\],1.372µm
lo_flat\[16\],1.356µm
u_xp17x7_carry/_014_,1.355µm
hi_flat\[14\],1.349µm
u_xp9_hi_l3/_080_,1.344µm
ps_flat\[56\],1.337µm
r4_split\[4\].boh\[6\],1.337µm
xp5_s2l2\[1\].u_xp5/_18_,1.337µm
xp7_lo_l2\[0\].u_xp7/_051_,1.334µm
hi_flat\[2\],1.33µm
u_xp13_lo_l3/_207_,1.327µm
xp5_s2l2\[2\].u_xp5/_00_,1.323µm
cell_oh_flat\[2\],1.32µm
ps_flat\[24\],1.32µm
ps_flat\[67\],1.32µm
xp5_hi_l2\[1\].u_xp5/_18_,1.313µm
xp5_hi_l2\[0\].u_xp5/_18_,1.311µm
xp7_lo_l2\[0\].u_xp7/_001_,1.309µm
A[32],1.308µm
xp5_s2l2\[7\].u_xp5/_15_,1.307µm
xp5_s2l2\[3\].u_xp5/_04_,1.302µm
cell_oh_flat\[15\],1.288µm
lo_flat\[7\],1.288µm
r4_split\[2\].boh\[6\],1.288µm
r4_split\[0\].boh\[6\],1.287µm
u_xp9_hi_l3/_086_,1.281µm
xp5_s2l2\[1\].u_xp5/_15_,1.281µm
xp5_s2l2\[3\].u_xp5/_00_,1.281µm
xp3_hi_l1\[2\].u_xp3/_05_,1.279µm
xp5_s2l2\[6\].u_xp5/_08_,1.278µm
low_sum\[17\],1.277µm
cell_oh_flat\[6\],1.274µm
B[32],1.27µm
high_sum\[3\],1.27µm
r4_split\[7\].boh\[6\],1.268µm
low_sum\[23\],1.267µm
upper\[21\],1.267µm
cell_oh_flat\[87\],1.264µm
xp5_hi_l2\[1\].u_xp5/_00_,1.263µm
cell_oh_flat\[62\],1.26µm
ps_flat\[63\],1.26µm
cell_oh_flat\[32\],1.257µm
ps_flat\[77\],1.257µm
r4_split\[6\].boh\[3\],1.257µm
cell_oh_flat\[66\],1.255µm
hd[5],1.254µm
r4_split\[4\].boh\[3\],1.253µm
xp4_lo_l1\[0\].u_xp4/_11_,1.253µm
xp5_s2l2\[1\].u_xp5/_00_,1.252µm
xp7_lo_l2\[0\].u_xp7/_032_,1.246µm
cell_oh_flat\[27\],1.244µm
cell_oh_flat\[69\],1.242µm
lo_flat\[14\],1.24µm
ps_flat\[34\],1.24µm
xp4_lo_l1\[2\].u_xp4/_05_,1.238µm
hi_flat\[12\],1.232µm
low_sum\[13\],1.231µm
ps_flat\[54\],1.231µm
ps_flat\[14\],1.229µm
ps_flat\[57\],1.228µm
cell_oh_flat\[59\],1.227µm
u_xp17x7_carry/_095_,1.226µm
r4_split\[4\].boh\[1\],1.224µm
cell_oh_flat\[78\],1.218µm
xp4_lo_l1\[2\].u_xp4/_04_,1.212µm
xp4_lo_l1\[3\].u_xp4/_04_,1.211µm
ps_flat\[71\],1.208µm
cell_oh_flat\[68\],1.204µm
A[54],1.202µm
ps_flat\[7\],1.201µm
u_xp17x7_carry/_147_,1.199µm
xp5_hi_l2\[1\].u_xp5/_07_,1.197µm
xp7_lo_l2\[1\].u_xp7/_000_,1.197µm
cell_oh_flat\[53\],1.19µm
u_xp17x7_carry/_136_,1.19µm
xp5_s2l2\[4\].u_xp5/_18_,1.189µm
cell_oh_flat\[81\],1.187µm
u_xp17x7_carry/_107_,1.184µm
high_sum\[5\],1.181µm
ps_flat\[21\],1.179µm
u_xp13_lo_l3/_004_,1.172µm
u_xp13_lo_l3/_072_,1.171µm
cell_oh_flat\[48\],1.17µm
xp5_s2l2\[7\].u_xp5/_08_,1.169µm
r4_split\[4\].boh\[4\],1.167µm
xp5_hi_l2\[1\].u_xp5/_14_,1.159µm
hi_flat\[4\],1.155µm
A[34],1.154µm
xp4_lo_l1\[1\].u_xp4/_11_,1.151µm
low_sum\[10\],1.15µm
cell_oh_flat\[80\],1.148µm
r4_split\[0\].boh\[7\],1.148µm
r4_split\[4\].boh\[5\],1.148µm
r4_split\[5\].boh\[4\],1.148µm
cell_oh_flat\[86\],1.144µm
u_xp17x7_carry/_001_,1.143µm
xp7_lo_l2\[1\].u_xp7/_034_,1.143µm
cell_oh_flat\[90\],1.142µm
high_sum\[4\],1.141µm
xp5_s2l2\[7\].u_xp5/_18_,1.141µm
hl1_flat\[0\],1.14µm
r4_split\[6\].boh\[2\],1.131µm
ps_flat\[66\],1.122µm
ps_flat\[44\],1.12µm
r4_split\[3\].boh\[7\],1.12µm
u_xp9_hi_l3/_060_,1.12µm
lo_flat\[21\],1.119µm
u_xp17x7_carry/_077_,1.117µm
xp5_s2l2\[1\].u_xp5/_03_,1.115µm
hd[4],1.113µm
hl1_flat\[4\],1.113µm
u_xp13_lo_l3/_153_,1.113µm
xp5_s2l2\[0\].u_xp5/_00_,1.113µm
xp7_lo_l2\[1\].u_xp7/_051_,1.11µm
ps_flat\[6\],1.108µm
cell_oh_flat\[12\],1.106µm
hi_flat\[8\],1.1µm
cell_oh_flat\[31\],1.096µm
cell_oh_flat\[72\],1.093µm
xp7_lo_l2\[1\].u_xp7/_015_,1.093µm
low_sum\[9\],1.092µm
r4_split\[3\].boh\[3\],1.092µm
xp5_hi_l2\[0\].u_xp5/_08_,1.092µm
cell_oh_flat\[92\],1.091µm
xp3_s2l1\[10\].u_xp3/_04_,1.091µm
hd[2],1.09µm
cell_oh_flat\[65\],1.089µm
upper\[18\],1.087µm
xp4_lo_l1\[3\].u_xp4/_01_,1.085µm
B[40],1.082µm
xp3_hi_l1\[2\].u_xp3/_04_,1.081µm
hd[6],1.079µm
cell_oh_flat\[0\],1.071µm
cell_oh_flat\[60\],1.071µm
ps_flat\[61\],1.071µm
xp4_lo_l1\[3\].u_xp4/_05_,1.071µm
xp5_s2l2\[4\].u_xp5/_07_,1.071µm
ll1_flat\[24\],1.064µm
ps_flat\[75\],1.064µm
A[0],1.062µm
A[46],1.062µm
u_xp17x7_carry/_005_,1.057µm
xp3_s2l1\[8\].u_xp3/_03_,1.057µm
cell_oh_flat\[74\],1.05µm
high_sum\[0\],1.05µm
xp3_s2l1\[12\].u_xp3/_05_,1.05µm
xp5_hi_l2\[1\].u_xp5/_08_,1.045µm
r4_split\[4\].boh\[7\],1.044µm
xp5_s2l2\[3\].u_xp5/_03_,1.043µm
xp7_lo_l2\[1\].u_xp7/_004_,1.043µm
cell_oh_flat\[56\],1.04µm
B[34],1.036µm
ps_flat\[49\],1.036µm
u_xp13_lo_l3/_127_,1.036µm
cell_oh_flat\[23\],1.031µm
B[46],1.03µm
r4_split\[0\].boh\[3\],1.028µm
xp5_s2l2\[6\].u_xp5/_18_,1.024µm
cell_oh_flat\[7\],1.021µm
ll1_flat\[5\],1.019µm
u_xp13_lo_l3/_100_,1.019µm
B[54],1.018µm
ll1_flat\[19\],1.015µm
lo_flat\[2\],1.015µm
xp5_s2l2\[0\].u_xp5/_08_,1.015µm
xp5_s2l2\[3\].u_xp5/_08_,1.015µm
A[53],1.014µm
A[57],1.008µm
u_xp13_lo_l3/_046_,1.008µm
cell_oh_flat\[34\],1.005µm
u_xp13_lo_l3/_163_,1.004µm
hi_flat\[0\],1.003µm
r4_split\[3\].boh\[2\],1.003µm
cell_oh_flat\[20\],1.001µm
r4_split\[4\].boh\[2\],1.001µm
xp3_s2l1\[4\].u_xp3/_05_,1.001µm
cell_oh_flat\[11\],0.994µm
B[44],0.99µm
B[53],0.99µm
lo_flat\[24\],0.99µm
ps_flat\[73\],0.989µm
r4_split\[3\].boh\[6\],0.988µm
u_xp13_lo_l3/_126_,0.987µm
xp3_s2l1\[4\].u_xp3/_03_,0.987µm
xp4_lo_l1\[0\].u_xp4/_05_,0.987µm
_233_,0.986µm
cell_oh_flat\[42\],0.984µm
A[40],0.982µm
xp7_lo_l2\[0\].u_xp7/_027_,0.98µm
xp5_s2l2\[1\].u_xp5/_11_,0.977µm
r4_split\[6\].boh\[6\],0.976µm
low_sum\[6\],0.973µm
u_xp9_hi_l3/_010_,0.973µm
xp5_s2l2\[2\].u_xp5/_07_,0.973µm
xp5_s2l2\[0\].u_xp5/_04_,0.971µm
A[44],0.966µm
cell_oh_flat\[35\],0.966µm
xp7_lo_l2\[0\].u_xp7/_045_,0.966µm
_140_,0.962µm
hi_flat\[18\],0.959µm
_003_,0.956µm
_102_,0.953µm
cell_oh_flat\[54\],0.952µm
r4_split\[2\].boh\[2\],0.952µm
A[39],0.95µm
cell_oh_flat\[63\],0.949µm
r4_split\[5\].boh\[1\],0.947µm
A[61],0.946µm
xp3_s2l1\[3\].u_xp3/_05_,0.946µm
_026_,0.945µm
u_xp17x7_carry/_010_,0.945µm
xp5_s2l2\[7\].u_xp5/_03_,0.945µm
xp5_hi_l2\[0\].u_xp5/_07_,0.944µm
r4_split\[0\].boh\[2\],0.943µm
cell_oh_flat\[50\],0.938µm
cell_oh_flat\[75\],0.938µm
ps_flat\[47\],0.938µm
xp3_s2l1\[15\].u_xp3/_05_,0.935µm
cell_oh_flat\[30\],0.933µm
_044_,0.931µm
cell_oh_flat\[83\],0.923µm
xp5_s2l2\[7\].u_xp5/_07_,0.922µm
upper\[7\],0.921µm
xp3_s2l1\[13\].u_xp3/_04_,0.92µm
_025_,0.919µm
upper\[9\],0.919µm
xp3_s2l1\[8\].u_xp3/_05_,0.917µm
xp5_s2l2\[4\].u_xp5/_00_,0.917µm
B[52],0.914µm
xp4_lo_l1\[1\].u_xp4/_05_,0.912µm
B[33],0.91µm
xp4_lo_l1\[1\].u_xp4/_01_,0.909µm
xp5_s2l2\[6\].u_xp5/_14_,0.908µm
xp5_s2l2\[0\].u_xp5/_18_,0.905µm
cell_oh_flat\[36\],0.904µm
A[37],0.902µm
B[60],0.902µm
_156_,0.9µm
xp3_hi_l1\[3\].u_xp3/_05_,0.9µm
A[55],0.898µm
B[45],0.898µm
xp3_s2l1\[11\].u_xp3/_04_,0.896µm
xp3_s2l1\[6\].u_xp3/_07_,0.896µm
ps_flat\[59\],0.892µm
cell_oh_flat\[47\],0.891µm
A[63],0.89µm
B[57],0.89µm
r4_split\[3\].boh\[1\],0.889µm
u_xp13_lo_l3/_039_,0.889µm
u_xp9_hi_l3/_013_,0.889µm
xp5_s2l2\[3\].u_xp5/_18_,0.886µm
A[36],0.882µm
A[43],0.882µm
u_xp13_lo_l3/_075_,0.881µm
cell_oh_flat\[39\],0.879µm
cell_oh_flat\[5\],0.879µm
r4_split\[3\].boh\[4\],0.879µm
A[56],0.878µm
B[0],0.878µm
B[38],0.878µm
cell_oh_flat\[73\],0.876µm
xp3_s2l1\[0\].u_xp3/_05_,0.875µm
xp5_hi_l2\[1\].u_xp5/_24_,0.875µm
A[42],0.874µm
B[55],0.874µm
A[52],0.87µm
cell_oh_flat\[41\],0.868µm
upper\[20\],0.868µm
B[39],0.866µm
B[63],0.866µm
cell_oh_flat\[43\],0.865µm
B[41],0.862µm
_126_,0.861µm
cell_oh_flat\[14\],0.861µm
cell_oh_flat\[55\],0.861µm
u_xp9_hi_l3/_004_,0.861µm
xp5_s2l2\[5\].u_xp5/_21_,0.861µm
A[33],0.854µm
B[35],0.854µm
B[36],0.854µm
B[56],0.854µm
B[58],0.854µm
hi_flat\[19\],0.854µm
xp5_hi_l2\[0\].u_xp5/_03_,0.854µm
low_sum\[3\],0.851µm
xp5_s2l2\[6\].u_xp5/_04_,0.851µm
A[35],0.85µm
cell_oh_flat\[17\],0.847µm
xp3_hi_l1\[1\].u_xp3/_04_,0.847µm
xp3_s2l1\[13\].u_xp3/_05_,0.847µm
xp3_s2l1\[14\].u_xp3/_03_,0.847µm
xp3_s2l1\[9\].u_xp3/_01_,0.847µm
A[47],0.842µm
B[61],0.842µm
upper\[13\],0.842µm
_012_,0.84µm
_067_,0.84µm
xp3_hi_l1\[2\].u_xp3/_03_,0.84µm
xp3_s2l1\[6\].u_xp3/_03_,0.837µm
A[59],0.834µm
B[42],0.834µm
_120_,0.833µm
xp3_s2l1\[5\].u_xp3/_04_,0.833µm
A[58],0.83µm
xp3_s2l1\[5\].u_xp3/_05_,0.83µm
_076_,0.829µm
xp3_s2l1\[10\].u_xp3/_03_,0.828µm
A[38],0.826µm
A[62],0.826µm
B[43],0.826µm
upper\[2\],0.823µm
r4_split\[1\].boh\[5\],0.822µm
xp3_s2l1\[4\].u_xp3/_09_,0.822µm
_040_,0.819µm
cell_oh_flat\[89\],0.819µm
xp3_s2l1\[12\].u_xp3/_03_,0.819µm
xp3_s2l1\[1\].u_xp3/_01_,0.819µm
xp5_s2l2\[5\].u_xp5/_00_,0.819µm
xp5_s2l2\[5\].u_xp5/_18_,0.819µm
_231_,0.816µm
cell_oh_flat\[57\],0.816µm
xp3_s2l1\[4\].u_xp3/_01_,0.816µm
low_sum\[2\],0.815µm
xp3_s2l1\[2\].u_xp3/_05_,0.814µm
xp7_lo_l2\[1\].u_xp7/_038_,0.814µm
r4_split\[7\].boh\[2\],0.812µm
A[41],0.81µm
A[45],0.81µm
B[47],0.81µm
B[59],0.81µm
u_xp17x7_carry/_055_,0.809µm
xp5_s2l2\[1\].u_xp5/_08_,0.809µm
xp5_s2l2\[4\].u_xp5/_11_,0.807µm
B[37],0.806µm
_082_,0.805µm
u_xp17x7_carry/_050_,0.805µm
xp7_lo_l2\[1\].u_xp7/_021_,0.805µm
xp5_s2l2\[0\].u_xp5/_03_,0.804µm
A[60],0.802µm
B[62],0.802µm
ps_flat\[16\],0.802µm
lo_flat\[17\],0.796µm
lo_flat\[13\],0.795µm
xp3_s2l1\[9\].u_xp3/_03_,0.791µm
xp7_lo_l2\[0\].u_xp7/_003_,0.79µm
r4_split\[1\].boh\[2\],0.788µm
u_xp17x7_carry/_143_,0.788µm
xp5_s2l2\[3\].u_xp5/_07_,0.784µm
cell_oh_flat\[29\],0.783µm
ps_flat\[19\],0.783µm
u_xp17x7_carry/_134_,0.783µm
xp3_s2l1\[0\].u_xp3/_04_,0.783µm
cell_oh_flat\[40\],0.781µm
u_xp17x7_carry/_085_,0.779µm
_152_,0.778µm
r4_split\[2\].boh\[5\],0.778µm
_142_,0.777µm
xp3_s2l1\[15\].u_xp3/_03_,0.777µm
xp3_s2l1\[1\].u_xp3/_05_,0.777µm
hi_flat\[16\],0.774µm
cell_oh_flat\[93\],0.77µm
xp5_hi_l2\[1\].u_xp5/_10_,0.77µm
xp5_hi_l2\[1\].u_xp5/_21_,0.769µm
xp3_s2l1\[8\].u_xp3/_04_,0.768µm
lo_flat\[10\],0.767µm
xp4_lo_l1\[0\].u_xp4/_09_,0.766µm
r4_split\[7\].boh\[4\],0.76µm
u_xp9_hi_l3/_000_,0.76µm
A[1],0.758µm
cell_oh_flat\[1\],0.756µm
r4_split\[1\].boh\[0\],0.756µm
r4_split\[5\].boh\[2\],0.752µm
cell_oh_flat\[45\],0.751µm
_198_,0.749µm
r4_split\[0\].boh\[5\],0.749µm
r4_split\[5\].boh\[3\],0.749µm
u_xp17x7_carry/_106_,0.749µm
xp3_s2l1\[2\].u_xp3/_07_,0.749µm
xp5_s2l2\[4\].u_xp5/_08_,0.749µm
xp5_s2l2\[6\].u_xp5/_03_,0.749µm
low_sum\[7\],0.748µm
B[1],0.746µm
low_sum\[5\],0.745µm
xp5_s2l2\[1\].u_xp5/_24_,0.742µm
u_xp17x7_carry/_129_,0.741µm
xp5_s2l2\[6\].u_xp5/_22_,0.741µm
xp7_lo_l2\[0\].u_xp7/_012_,0.739µm
xp7_lo_l2\[0\].u_xp7/_015_,0.739µm
xp3_s2l1\[9\].u_xp3/_09_,0.738µm
xp7_lo_l2\[1\].u_xp7/_048_,0.737µm
_136_,0.735µm
xp7_lo_l2\[0\].u_xp7/_038_,0.735µm
xp3_s2l1\[1\].u_xp3/_08_,0.734µm
cell_oh_flat\[51\],0.728µm
ps_flat\[37\],0.728µm
upper\[15\],0.728µm
u_xp17x7_carry/_081_,0.728µm
u_xp17x7_carry/_029_,0.727µm
ps_flat\[0\],0.724µm
cell_oh_flat\[24\],0.723µm
_110_,0.721µm
cell_oh_flat\[94\],0.721µm
r4_split\[6\].boh\[5\],0.721µm
u_xp13_lo_l3/_194_,0.721µm
xp3_hi_l1\[0\].u_xp3/_03_,0.721µm
xp3_hi_l1\[3\].u_xp3/_00_,0.721µm
xp5_hi_l2\[0\].u_xp5/_04_,0.721µm
xp5_s2l2\[6\].u_xp5/_19_,0.721µm
xp7_lo_l2\[0\].u_xp7/_055_,0.721µm
r4_split\[7\].boh\[1\],0.719µm
_094_,0.718µm
xp3_s2l1\[11\].u_xp3/_03_,0.718µm
u_xp13_lo_l3/_033_,0.714µm
xp5_s2l2\[5\].u_xp5/_25_,0.713µm
cell_oh_flat\[84\],0.709µm
r4_split\[2\].boh\[0\],0.709µm
cell_oh_flat\[18\],0.708µm
_224_,0.707µm
r4_split\[2\].boh\[4\],0.707µm
u_xp17x7_carry/_041_,0.707µm
xp3_s2l1\[10\].u_xp3/_01_,0.707µm
xp5_s2l2\[0\].u_xp5/_14_,0.707µm
xp5_hi_l2\[0\].u_xp5/_17_,0.705µm
xp3_s2l1\[13\].u_xp3/_01_,0.703µm
u_xp17x7_carry/_017_,0.702µm
xp3_s2l1\[4\].u_xp3/_00_,0.702µm
upper\[16\],0.7µm
cell_oh_flat\[19\],0.696µm
_200_,0.693µm
xp3_s2l1\[9\].u_xp3/_08_,0.693µm
xp5_s2l2\[5\].u_xp5/_24_,0.693µm
B[20],0.687µm
xp3_s2l1\[1\].u_xp3/_04_,0.687µm
ps_flat\[29\],0.686µm
u_xp13_lo_l3/_021_,0.686µm
_098_,0.68µm
hi_flat\[15\],0.68µm
r4_split\[6\].boh\[1\],0.68µm
xp3_hi_l1\[0\].u_xp3/_04_,0.679µm
xp3_s2l1\[6\].u_xp3/_01_,0.679µm
_144_,0.678µm
xp5_s2l2\[5\].u_xp5/_03_,0.678µm
cell_oh_flat\[4\],0.672µm
ps_flat\[30\],0.671µm
_176_,0.669µm
xp5_s2l2\[5\].u_xp5/_11_,0.668µm
u_xp9_hi_l3/_023_,0.667µm
xp3_hi_l1\[2\].u_xp3/_02_,0.667µm
_158_,0.665µm
xp3_hi_l1\[1\].u_xp3/_05_,0.665µm
xp3_s2l1\[4\].u_xp3/_04_,0.665µm
xp3_s2l1\[6\].u_xp3/_04_,0.665µm
xp4_lo_l1\[2\].u_xp4/_11_,0.665µm
xp5_s2l2\[5\].u_xp5/sum_bit\[0\].grid_and,0.665µm
_210_,0.663µm
_138_,0.661µm
xp3_s2l1\[11\].u_xp3/_01_,0.661µm
_148_,0.659µm
hi_flat\[7\],0.658µm
lo_flat\[5\],0.658µm
xp7_lo_l2\[0\].u_xp7/_037_,0.655µm
lo_flat\[26\],0.654µm
u_xp17x7_carry/_113_,0.654µm
upper\[22\],0.653µm
xp3_s2l1\[6\].u_xp3/_05_,0.653µm
cell_oh_flat\[58\],0.651µm
u_xp17x7_carry/_049_,0.651µm
xp3_s2l1\[7\].u_xp3/_05_,0.651µm
xp5_s2l2\[2\].u_xp5/_18_,0.646µm
_058_,0.644µm
cell_oh_flat\[79\],0.644µm
u_xp13_lo_l3/_203_,0.644µm
xp5_hi_l2\[1\].u_xp5/_13_,0.644µm
cell_oh_flat\[33\],0.637µm
r4_split\[1\].boh\[1\],0.637µm
u_xp17x7_carry/_086_,0.637µm
xp3_s2l1\[2\].u_xp3/_03_,0.637µm
cell_oh_flat\[70\],0.634µm
u_xp17x7_carry/_032_,0.634µm
B[27],0.631µm
xp5_s2l2\[6\].u_xp5/_13_,0.63µm
lo_flat\[4\],0.627µm
xp3_s2l1\[3\].u_xp3/_01_,0.627µm
xp3_s2l1\[0\].u_xp3/_09_,0.626µm
xp3_s2l1\[10\].u_xp3/_08_,0.624µm
xp4_lo_l1\[3\].u_xp4/_17_,0.624µm
u_xp17x7_carry/_084_,0.623µm
xp3_s2l1\[2\].u_xp3/_01_,0.623µm
xp5_s2l2\[7\].u_xp5/_21_,0.623µm
cell_oh_flat\[67\],0.622µm
xp3_hi_l1\[3\].u_xp3/_03_,0.622µm
_139_,0.62µm
_145_,0.62µm
_276_,0.618µm
xp5_s2l2\[1\].u_xp5/_07_,0.618µm
ps_flat\[69\],0.616µm
r4_split\[7\].boh\[7\],0.616µm
xp5_s2l2\[1\].u_xp5/_13_,0.616µm
xp5_s2l2\[0\].u_xp5/_21_,0.613µm
xp4_lo_l1\[0\].u_xp4/_15_,0.612µm
_064_,0.611µm
xp5_s2l2\[0\].u_xp5/sum_bit\[0\].grid_and,0.611µm
xp7_lo_l2\[1\].u_xp7/_012_,0.611µm
upper\[3\],0.61µm
cell_oh_flat\[37\],0.609µm
cell_oh_flat\[46\],0.609µm
lo_flat\[18\],0.609µm
ps_flat\[10\],0.609µm
u_xp9_hi_l3/_036_,0.609µm
xp3_hi_l1\[1\].u_xp3/_09_,0.609µm
xp4_lo_l1\[2\].u_xp4/_14_,0.609µm
upper\[6\],0.608µm
A[2],0.603µm
A[31],0.603µm
B[2],0.603µm
B[31],0.603µm
B[8],0.603µm
_118_,0.602µm
xp3_s2l1\[9\].u_xp3/_04_,0.602µm
xp4_lo_l1\[2\].u_xp4/_02_,0.602µm
xp5_s2l2\[4\].u_xp5/_14_,0.602µm
ps_flat\[9\],0.601µm
r4_split\[0\].boh\[1\],0.6µm
xp5_s2l2\[2\].u_xp5/_08_,0.6µm
u_xp17x7_carry/_083_,0.599µm
xp3_hi_l1\[0\].u_xp3/_08_,0.597µm
xp5_s2l2\[0\].u_xp5/_19_,0.597µm
u_xp13_lo_l3/_136_,0.596µm
xp5_s2l2\[3\].u_xp5/_22_,0.596µm
_030_,0.595µm
low_sum\[1\],0.595µm
u_xp13_lo_l3/_179_,0.595µm
u_xp17x7_carry/_022_,0.595µm
xp7_lo_l2\[1\].u_xp7/_017_,0.595µm
_106_,0.594µm
xp3_s2l1\[10\].u_xp3/_05_,0.594µm
_175_,0.59µm
u_xp17x7_carry/_073_,0.588µm
xp7_lo_l2\[1\].u_xp7/_045_,0.588µm
xp3_s2l1\[2\].u_xp3/_00_,0.587µm
r4_split\[5\].boh\[5\],0.584µm
_117_,0.581µm
_174_,0.581µm
upper\[12\],0.581µm
xp3_hi_l1\[3\].u_xp3/_08_,0.581µm
xp3_s2l1\[0\].u_xp3/_03_,0.581µm
xp5_s2l2\[7\].u_xp5/_11_,0.581µm
u_xp13_lo_l3/_013_,0.578µm
xp3_s2l1\[8\].u_xp3/_01_,0.577µm
A[14],0.575µm
A[19],0.575µm
A[20],0.575µm
B[14],0.575µm
B[19],0.575µm
xp7_lo_l2\[1\].u_xp7/_013_,0.575µm
u_xp17x7_carry/_034_,0.574µm
xp5_s2l2\[7\].u_xp5/_14_,0.573µm
lo_flat\[11\],0.571µm
ps_flat\[79\],0.571µm
u_xp17x7_carry/_024_,0.571µm
upper\[11\],0.57µm
u_xp13_lo_l3/_068_,0.57µm
xp4_lo_l1\[0\].u_xp4/_10_,0.57µm
cell_oh_flat\[9\],0.569µm
u_xp13_lo_l3/sum_bit\[0\].grid_and,0.569µm
xp3_s2l1\[4\].u_xp3/_08_,0.569µm
xp5_s2l2\[1\].u_xp5/_14_,0.569µm
_124_,0.568µm
xp3_s2l1\[3\].u_xp3/_04_,0.568µm
_034_,0.567µm
_114_,0.567µm
_183_,0.567µm
u_xp13_lo_l3/_197_,0.567µm
xp3_s2l1\[9\].u_xp3/_05_,0.567µm
xp3_s2l1\[7\].u_xp3/_03_,0.564µm
hi_flat\[13\],0.56µm
xp3_s2l1\[7\].u_xp3/_00_,0.56µm
xp5_s2l2\[2\].u_xp5/_20_,0.56µm
cell_oh_flat\[21\],0.557µm
xp5_s2l2\[3\].u_xp5/_13_,0.557µm
xp3_hi_l1\[0\].u_xp3/_02_,0.556µm
xp3_s2l1\[14\].u_xp3/_00_,0.556µm
u_xp9_hi_l3/_006_,0.555µm
cell_oh_flat\[82\],0.554µm
xp3_s2l1\[11\].u_xp3/_05_,0.554µm
xp4_lo_l1\[3\].u_xp4/_13_,0.554µm
xp5_s2l2\[4\].u_xp5/_21_,0.554µm
_128_,0.553µm
xp3_hi_l1\[3\].u_xp3/_01_,0.553µm
xp5_hi_l2\[0\].u_xp5/_13_,0.553µm
xp5_s2l2\[4\].u_xp5/_09_,0.553µm
_256_,0.552µm
xp5_s2l2\[6\].u_xp5/_07_,0.55µm
xp3_hi_l1\[1\].u_xp3/_03_,0.549µm
A[8],0.547µm
u_xp13_lo_l3/_105_,0.545µm
u_xp9_hi_l3/_048_,0.545µm
_100_,0.54µm
_078_,0.539µm
_167_,0.539µm
cell_oh_flat\[28\],0.539µm
xp3_hi_l1\[2\].u_xp3/_01_,0.539µm
xp3_s2l1\[4\].u_xp3/_07_,0.539µm
xp3_s2l1\[5\].u_xp3/_08_,0.539µm
xp7_lo_l2\[1\].u_xp7/_037_,0.539µm
_015_,0.538µm
low_sum\[22\],0.538µm
u_xp13_lo_l3/_089_,0.538µm
cell_oh_flat\[88\],0.534µm
xp3_hi_l1\[1\].u_xp3/_01_,0.534µm
_146_,0.532µm
_160_,0.532µm
cell_oh_flat\[8\],0.532µm
xp3_hi_l1\[3\].u_xp3/_09_,0.532µm
xp7_lo_l2\[1\].u_xp7/_023_,0.53µm
cell_oh_flat\[61\],0.529µm
u_xp17x7_carry/_046_,0.529µm
cell_oh_flat\[10\],0.527µm
_122_,0.526µm
_092_,0.525µm
_130_,0.525µm
_193_,0.525µm
hi_flat\[3\],0.525µm
r4_split\[6\].boh\[4\],0.525µm
xp3_hi_l1\[1\].u_xp3/_06_,0.525µm
xp3_s2l1\[13\].u_xp3/_03_,0.525µm
xp3_s2l1\[3\].u_xp3/_08_,0.525µm
xp3_s2l1\[9\].u_xp3/sum_bit\[0\].grid_and,0.525µm
xp5_s2l2\[1\].u_xp5/_17_,0.525µm
xp5_s2l2\[1\].u_xp5/sum_bit\[0\].grid_and,0.525µm
xp5_s2l2\[2\].u_xp5/_02_,0.525µm
xp7_lo_l2\[1\].u_xp7/_003_,0.525µm
xp3_s2l1\[0\].u_xp3/_01_,0.524µm
xp3_s2l1\[5\].u_xp3/_03_,0.522µm
xp3_s2l1\[5\].u_xp3/_00_,0.52µm
A[27],0.519µm
xp5_s2l2\[2\].u_xp5/_12_,0.519µm
ps_flat\[46\],0.518µm
upper\[10\],0.518µm
xp3_s2l1\[5\].u_xp3/_01_,0.518µm
_157_,0.516µm
r4_split\[2\].boh\[3\],0.515µm
xp3_s2l1\[13\].u_xp3/_09_,0.515µm
u_xp13_lo_l3/_170_,0.514µm
xp7_lo_l2\[0\].u_xp7/_036_,0.513µm
_211_,0.512µm
u_xp17x7_carry/_028_,0.512µm
_290_,0.511µm
_292_,0.511µm
ps_flat\[60\],0.511µm
r4_split\[2\].boh\[1\],0.511µm
u_xp9_hi_l3/_008_,0.511µm
xp3_hi_l1\[0\].u_xp3/_05_,0.511µm
xp3_s2l1\[11\].u_xp3/_07_,0.511µm
xp4_lo_l1\[0\].u_xp4/_08_,0.511µm
xp5_s2l2\[4\].u_xp5/_10_,0.511µm
xp5_s2l2\[5\].u_xp5/_08_,0.511µm
xp7_lo_l2\[1\].u_xp7/_042_,0.511µm
_132_,0.507µm
u_xp13_lo_l3/_107_,0.504µm
xp3_s2l1\[12\].u_xp3/_02_,0.504µm
_147_,0.502µm
_252_,0.502µm
u_xp13_lo_l3/_096_,0.501µm
u_xp9_hi_l3/_017_,0.501µm
xp7_lo_l2\[0\].u_xp7/_048_,0.501µm
r4_split\[1\].boh\[3\],0.5µm
u_xp17x7_carry/_117_,0.499µm
u_xp13_lo_l3/_007_,0.497µm
u_xp13_lo_l3/_130_,0.497µm
xp3_hi_l1\[2\].u_xp3/_09_,0.497µm
xp3_s2l1\[10\].u_xp3/_07_,0.497µm
xp4_lo_l1\[0\].u_xp4/_16_,0.497µm
xp5_s2l2\[0\].u_xp5/_02_,0.497µm
xp5_s2l2\[4\].u_xp5/_16_,0.497µm
xp5_s2l2\[6\].u_xp5/_12_,0.497µm
xp7_lo_l2\[0\].u_xp7/_034_,0.497µm
u_xp13_lo_l3/_125_,0.496µm
xp3_s2l1\[11\].u_xp3/_08_,0.496µm
xp3_s2l1\[12\].u_xp3/_08_,0.493µm
cell_oh_flat\[77\],0.492µm
u_xp17x7_carry/_126_,0.492µm
B[9],0.491µm
ps_flat\[76\],0.489µm
_251_,0.487µm
_170_,0.486µm
u_xp13_lo_l3/_120_,0.486µm
u_xp17x7_carry/_064_,0.486µm
xp5_s2l2\[0\].u_xp5/_07_,0.486µm
xp5_s2l2\[5\].u_xp5/_14_,0.486µm
lo_flat\[29\],0.485µm
_069_,0.483µm
_123_,0.483µm
xp3_s2l1\[6\].u_xp3/_08_,0.483µm
xp4_lo_l1\[2\].u_xp4/_00_,0.483µm
xp5_s2l2\[5\].u_xp5/_06_,0.483µm
cell_oh_flat\[38\],0.482µm
xp3_s2l1\[13\].u_xp3/_00_,0.482µm
xp3_s2l1\[15\].u_xp3/sum_bit\[0\].grid_and,0.48µm
_168_,0.476µm
cell_oh_flat\[26\],0.476µm
r4_split\[0\].boh\[0\],0.476µm
u_xp17x7_carry/_043_,0.476µm
xp3_s2l1\[8\].u_xp3/_02_,0.476µm
xp5_s2l2\[3\].u_xp5/_06_,0.476µm
xp5_s2l2\[5\].u_xp5/_05_,0.476µm
xp5_s2l2\[7\].u_xp5/_09_,0.476µm
u_xp13_lo_l3/_011_,0.473µm
xp7_lo_l2\[1\].u_xp7/_050_,0.472µm
xp3_s2l1\[11\].u_xp3/_09_,0.471µm
xp3_s2l1\[13\].u_xp3/_06_,0.471µm
xp7_lo_l2\[1\].u_xp7/_032_,0.47µm
_089_,0.469µm
_165_,0.469µm
cell_oh_flat\[22\],0.469µm
u_xp17x7_carry/_019_,0.469µm
u_xp17x7_carry/_066_,0.469µm
u_xp9_hi_l3/_083_,0.469µm
xp3_hi_l1\[0\].u_xp3/_00_,0.469µm
xp3_hi_l1\[2\].u_xp3/_00_,0.469µm
xp3_s2l1\[1\].u_xp3/_06_,0.469µm
xp4_lo_l1\[2\].u_xp4/_03_,0.469µm
xp5_hi_l2\[0\].u_xp5/_16_,0.469µm
xp7_lo_l2\[1\].u_xp7/_024_,0.467µm
_086_,0.466µm
_149_,0.466µm
ps_flat\[20\],0.466µm
xp3_s2l1\[15\].u_xp3/_08_,0.466µm
_041_,0.465µm
lo_flat\[28\],0.465µm
B[12],0.463µm
B[15],0.463µm
B[16],0.463µm
B[18],0.463µm
B[26],0.463µm
B[4],0.463µm
cell_oh_flat\[95\],0.462µm
r4_split\[7\].boh\[0\],0.462µm
u_xp13_lo_l3/_051_,0.462µm
u_xp13_lo_l3/_205_,0.462µm
xp5_s2l2\[1\].u_xp5/_16_,0.462µm
xp5_s2l2\[7\].u_xp5/_24_,0.462µm
xp5_s2l2\[4\].u_xp5/sum_bit\[0\].grid_and,0.461µm
u_xp13_lo_l3/_143_,0.459µm
u_xp17x7_carry/_122_,0.459µm
xp3_s2l1\[10\].u_xp3/_00_,0.459µm
xp3_s2l1\[6\].u_xp3/_02_,0.458µm
u_xp13_lo_l3/_043_,0.457µm
xp3_s2l1\[12\].u_xp3/sum_bit\[0\].grid_and,0.457µm
_090_,0.455µm
r4_split\[5\].boh\[0\],0.455µm
xp3_hi_l1\[2\].u_xp3/_07_,0.455µm
xp3_s2l1\[15\].u_xp3/_00_,0.455µm
xp4_lo_l1\[3\].u_xp4/_16_,0.455µm
_119_,0.454µm
_096_,0.452µm
_143_,0.452µm
_271_,0.452µm
xp3_s2l1\[12\].u_xp3/_00_,0.452µm
xp4_lo_l1\[3\].u_xp4/_00_,0.451µm
xp5_hi_l2\[1\].u_xp5/_03_,0.45µm
_196_,0.449µm
_007_,0.448µm
_028_,0.448µm
cell_oh_flat\[91\],0.448µm
u_xp13_lo_l3/_131_,0.448µm
xp5_s2l2\[4\].u_xp5/_02_,0.448µm
xp5_s2l2\[4\].u_xp5/_24_,0.448µm
_151_,0.446µm
_273_,0.445µm
xp3_s2l1\[3\].u_xp3/_09_,0.445µm
xp5_s2l2\[2\].u_xp5/_21_,0.445µm
xp7_lo_l2\[1\].u_xp7/_002_,0.445µm
_173_,0.444µm
_202_,0.444µm
_071_,0.443µm
u_xp13_lo_l3/_137_,0.443µm
u_xp17x7_carry/_100_,0.443µm
_263_,0.442µm
_285_,0.441µm
u_xp17x7_carry/_098_,0.441µm
u_xp9_hi_l3/_053_,0.441µm
xp4_lo_l1\[0\].u_xp4/sum_bit\[0\].grid_and,0.441µm
xp4_lo_l1\[1\].u_xp4/_03_,0.441µm
xp4_lo_l1\[1\].u_xp4/_10_,0.441µm
xp5_s2l2\[2\].u_xp5/_24_,0.441µm
xp5_s2l2\[6\].u_xp5/_02_,0.441µm
xp5_s2l2\[3\].u_xp5/_14_,0.437µm
B[17],0.435µm
B[3],0.435µm
B[5],0.435µm
B[6],0.435µm
u_xp17x7_carry/_145_,0.434µm
xp5_s2l2\[3\].u_xp5/_11_,0.434µm
xp5_s2l2\[6\].u_xp5/_24_,0.433µm
u_xp13_lo_l3/_088_,0.431µm
u_xp13_lo_l3/_186_,0.431µm
xp7_lo_l2\[0\].u_xp7/_042_,0.43µm
_108_,0.427µm
_191_,0.427µm
u_xp13_lo_l3/_145_,0.427µm
xp3_hi_l1\[0\].u_xp3/_01_,0.427µm
xp4_lo_l1\[1\].u_xp4/_16_,0.425µm
_091_,0.424µm
r4_split\[4\].boh\[0\],0.424µm
_284_,0.423µm
_116_,0.42µm
u_xp13_lo_l3/_010_,0.42µm
u_xp13_lo_l3/_074_,0.42µm
u_xp9_hi_l3/_061_,0.42µm
xp3_hi_l1\[0\].u_xp3/_07_,0.42µm
xp5_s2l2\[5\].u_xp5/_09_,0.42µm
xp5_s2l2\[6\].u_xp5/_21_,0.42µm
xp5_s2l2\[7\].u_xp5/_17_,0.42µm
cell_oh_flat\[49\],0.419µm
xp4_lo_l1\[0\].u_xp4/_02_,0.419µm
xp4_lo_l1\[3\].u_xp4/_14_,0.419µm
_166_,0.416µm
u_xp13_lo_l3/_157_,0.416µm
xp5_s2l2\[5\].u_xp5/_23_,0.416µm
xp7_lo_l2\[0\].u_xp7/_056_,0.416µm
_014_,0.413µm
_180_,0.413µm
_255_,0.413µm
cell_oh_flat\[85\],0.413µm
u_xp17x7_carry/_045_,0.413µm
u_xp9_hi_l3/_070_,0.413µm
xp3_s2l1\[3\].u_xp3/_00_,0.413µm
xp5_s2l2\[7\].u_xp5/_25_,0.413µm
xp7_lo_l2\[0\].u_xp7/_054_,0.412µm
B[48],0.411µm
u_xp9_hi_l3/_024_,0.411µm
u_xp17x7_carry/_068_,0.409µm
xp5_s2l2\[3\].u_xp5/_24_,0.409µm
_242_,0.408µm
B[10],0.407µm
B[24],0.407µm
B[28],0.407µm
B[7],0.407µm
_294_,0.407µm
xp3_s2l1\[12\].u_xp3/_01_,0.406µm
xp5_hi_l2\[0\].u_xp5/_25_,0.406µm
xp5_hi_l2\[1\].u_xp5/_11_,0.406µm
xp5_s2l2\[6\].u_xp5/sum_bit\[0\].grid_and,0.406µm
xp7_lo_l2\[0\].u_xp7/_053_,0.406µm
xp7_lo_l2\[1\].u_xp7/_010_,0.406µm
lo_flat\[12\],0.405µm
u_xp13_lo_l3/_106_,0.405µm
u_xp13_lo_l3/_116_,0.405µm
u_xp17x7_carry/_087_,0.405µm
xp7_lo_l2\[1\].u_xp7/_006_,0.405µm
_010_,0.404µm
_104_,0.403µm
u_xp13_lo_l3/_165_,0.403µm
u_xp13_lo_l3/_059_,0.402µm
xp3_s2l1\[14\].u_xp3/_06_,0.402µm
cell_oh_flat\[52\],0.401µm
u_xp17x7_carry/_031_,0.401µm
u_xp17x7_carry/_104_,0.401µm
r4_split\[7\].boh\[3\],0.4µm
_046_,0.399µm
_164_,0.399µm
_190_,0.399µm
_221_,0.399µm
_261_,0.399µm
_267_,0.399µm
ps_flat\[39\],0.399µm
u_xp13_lo_l3/_047_,0.399µm
u_xp13_lo_l3/_065_,0.399µm
u_xp13_lo_l3/_141_,0.399µm
u_xp17x7_carry/_011_,0.399µm
u_xp17x7_carry/_060_,0.399µm
u_xp17x7_carry/_123_,0.399µm
xp3_s2l1\[14\].u_xp3/_08_,0.399µm
xp4_lo_l1\[1\].u_xp4/_06_,0.399µm
xp4_lo_l1\[3\].u_xp4/_08_,0.399µm
xp7_lo_l2\[1\].u_xp7/_035_,0.399µm
ps_flat\[50\],0.397µm
_195_,0.396µm
xp3_s2l1\[14\].u_xp3/_05_,0.396µm
_137_,0.394µm
_220_,0.394µm
xp3_hi_l1\[1\].u_xp3/_08_,0.394µm
u_xp9_hi_l3/_002_,0.392µm
u_xp9_hi_l3/_051_,0.392µm
xp3_s2l1\[11\].u_xp3/sum_bit\[0\].grid_and,0.392µm
xp3_s2l1\[6\].u_xp3/sum_bit\[0\].grid_and,0.392µm
xp4_lo_l1\[1\].u_xp4/_12_,0.392µm
xp5_hi_l2\[1\].u_xp5/_04_,0.392µm
xp5_hi_l2\[1\].u_xp5/_05_,0.392µm
u_xp17x7_carry/_056_,0.391µm
cell_oh_flat\[25\],0.389µm
xp5_s2l2\[1\].u_xp5/_02_,0.389µm
xp7_lo_l2\[0\].u_xp7/_035_,0.389µm
u_xp17x7_carry/_027_,0.387µm
xp3_s2l1\[1\].u_xp3/sum_bit\[0\].grid_and,0.387µm
xp3_s2l1\[7\].u_xp3/_04_,0.387µm
xp5_hi_l2\[0\].u_xp5/_19_,0.387µm
_021_,0.385µm
_154_,0.385µm
_169_,0.385µm
_181_,0.385µm
ps_flat\[70\],0.385µm
r4_split\[7\].boh\[5\],0.385µm
u_xp13_lo_l3/_080_,0.385µm
u_xp13_lo_l3/_113_,0.385µm
u_xp13_lo_l3/_132_,0.385µm
u_xp13_lo_l3/_171_,0.385µm
u_xp13_lo_l3/_211_,0.385µm
xp3_hi_l1\[3\].u_xp3/_04_,0.385µm
xp5_hi_l2\[0\].u_xp5/_11_,0.385µm
xp5_s2l2\[0\].u_xp5/_06_,0.385µm
xp5_s2l2\[1\].u_xp5/_20_,0.385µm
xp5_s2l2\[4\].u_xp5/_22_,0.385µm
_269_,0.384µm
B[50],0.383µm
xp3_s2l1\[0\].u_xp3/_08_,0.382µm
xp3_s2l1\[1\].u_xp3/_03_,0.382µm
_188_,0.38µm
_197_,0.38µm
xp4_lo_l1\[0\].u_xp4/_00_,0.38µm
A[13],0.379µm
A[23],0.379µm
A[30],0.379µm
A[9],0.379µm
B[11],0.379µm
B[13],0.379µm
B[23],0.379µm
B[25],0.379µm
B[29],0.379µm
B[30],0.379µm
_186_,0.379µm
_112_,0.378µm
u_xp13_lo_l3/_118_,0.378µm
xp3_s2l1\[6\].u_xp3/_09_,0.378µm
xp3_s2l1\[7\].u_xp3/_01_,0.378µm
xp5_s2l2\[0\].u_xp5/_10_,0.378µm
xp5_s2l2\[5\].u_xp5/_02_,0.378µm
_013_,0.375µm
_203_,0.375µm
u_xp13_lo_l3/_154_,0.375µm
xp7_lo_l2\[1\].u_xp7/_036_,0.375µm
u_xp9_hi_l3/_079_,0.374µm
xp5_s2l2\[0\].u_xp5/_09_,0.374µm
_250_,0.373µm
u_xp9_hi_l3/_007_,0.373µm
u_xp17x7_carry/_075_,0.372µm
_212_,0.371µm
_253_,0.371µm
_258_,0.371µm
u_xp13_lo_l3/_183_,0.371µm
u_xp17x7_carry/_007_,0.371µm
u_xp17x7_carry/_089_,0.371µm
u_xp9_hi_l3/_005_,0.371µm
xp3_s2l1\[11\].u_xp3/_02_,0.371µm
xp4_lo_l1\[1\].u_xp4/_08_,0.371µm
xp5_hi_l2\[0\].u_xp5/_06_,0.371µm
xp5_s2l2\[1\].u_xp5/_21_,0.371µm
xp5_s2l2\[6\].u_xp5/_17_,0.371µm
r4_split\[3\].boh\[0\],0.368µm
lo_flat\[19\],0.364µm
u_xp17x7_carry/_093_,0.364µm
xp4_lo_l1\[3\].u_xp4/_03_,0.364µm
xp5_s2l2\[0\].u_xp5/_22_,0.364µm
_291_,0.363µm
u_xp17x7_carry/_054_,0.363µm
u_xp17x7_carry/_097_,0.363µm
xp5_s2l2\[1\].u_xp5/_12_,0.361µm
_011_,0.359µm
u_xp13_lo_l3/_109_,0.359µm
u_xp17x7_carry/_044_,0.359µm
xp3_s2l1\[12\].u_xp3/_04_,0.359µm
_162_,0.358µm
_235_,0.358µm
xp7_lo_l2\[1\].u_xp7/_018_,0.358µm
_050_,0.357µm
_115_,0.357µm
_182_,0.357µm
_257_,0.357µm
_282_,0.357µm
ps_flat\[26\],0.357µm
ps_flat\[40\],0.357µm
u_xp13_lo_l3/_012_,0.357µm
xp3_hi_l1\[1\].u_xp3/_00_,0.357µm
xp3_s2l1\[0\].u_xp3/_02_,0.357µm
xp3_s2l1\[7\].u_xp3/_08_,0.357µm
xp4_lo_l1\[1\].u_xp4/_13_,0.357µm
xp3_s2l1\[12\].u_xp3/_06_,0.356µm
A[49],0.355µm
B[51],0.355µm
A[12],0.351µm
A[15],0.351µm
A[16],0.351µm
A[18],0.351µm
A[21],0.351µm
A[22],0.351µm
A[26],0.351µm
A[4],0.351µm
B[21],0.351µm
B[22],0.351µm
xp3_s2l1\[14\].u_xp3/_01_,0.351µm
u_xp13_lo_l3/_018_,0.35µm
xp3_s2l1\[15\].u_xp3/_09_,0.35µm
xp3_s2l1\[5\].u_xp3/_09_,0.349µm
xp4_lo_l1\[2\].u_xp4/_09_,0.349µm
u_xp13_lo_l3/_045_,0.348µm
xp3_hi_l1\[0\].u_xp3/_06_,0.346µm
xp5_s2l2\[7\].u_xp5/_19_,0.346µm
_134_,0.344µm
u_xp17x7_carry/_140_,0.344µm
xp3_s2l1\[1\].u_xp3/_00_,0.344µm
_088_,0.343µm
_159_,0.343µm
_274_,0.343µm
u_xp13_lo_l3/_061_,0.343µm
u_xp13_lo_l3/_094_,0.343µm
u_xp17x7_carry/_112_,0.343µm
xp3_s2l1\[10\].u_xp3/_09_,0.343µm
xp3_s2l1\[12\].u_xp3/_09_,0.343µm
xp3_s2l1\[2\].u_xp3/_08_,0.343µm
xp3_s2l1\[3\].u_xp3/_06_,0.343µm
xp3_s2l1\[8\].u_xp3/_06_,0.343µm
xp3_s2l1\[8\].u_xp3/_08_,0.343µm
xp4_lo_l1\[2\].u_xp4/_08_,0.343µm
_080_,0.338µm
_268_,0.338µm
u_xp17x7_carry/_138_,0.337µm
_054_,0.336µm
u_xp13_lo_l3/_032_,0.336µm
u_xp13_lo_l3/_178_,0.336µm
xp3_s2l1\[15\].u_xp3/_07_,0.336µm
xp5_hi_l2\[1\].u_xp5/_06_,0.336µm
xp5_hi_l2\[1\].u_xp5/sum_bit\[0\].grid_and,0.336µm
u_xp13_lo_l3/_062_,0.335µm
xp5_s2l2\[6\].u_xp5/_11_,0.334µm
xp4_lo_l1\[1\].u_xp4/_07_,0.333µm
u_xp13_lo_l3/_147_,0.332µm
xp5_hi_l2\[0\].u_xp5/_21_,0.332µm
_272_,0.331µm
u_xp9_hi_l3/_055_,0.331µm
u_xp13_lo_l3/_148_,0.33µm
_004_,0.329µm
low_sum\[18\],0.329µm
u_xp13_lo_l3/_044_,0.329µm
u_xp13_lo_l3/_099_,0.329µm
u_xp13_lo_l3/_111_,0.329µm
u_xp9_hi_l3/_018_,0.329µm
xp3_hi_l1\[2\].u_xp3/_08_,0.329µm
xp3_s2l1\[0\].u_xp3/_00_,0.329µm
xp3_s2l1\[13\].u_xp3/_08_,0.329µm
xp3_s2l1\[8\].u_xp3/sum_bit\[0\].grid_and,0.329µm
xp4_lo_l1\[0\].u_xp4/_03_,0.329µm
xp4_lo_l1\[2\].u_xp4/_15_,0.329µm
xp5_hi_l2\[1\].u_xp5/_17_,0.329µm
xp5_s2l2\[2\].u_xp5/_14_,0.329µm
A[48],0.327µm
A[51],0.327µm
B[49],0.327µm
xp7_lo_l2\[0\].u_xp7/_018_,0.327µm
_209_,0.326µm
xp3_s2l1\[10\].u_xp3/_02_,0.325µm
A[11],0.323µm
A[17],0.323µm
A[25],0.323µm
A[29],0.323µm
A[3],0.323µm
A[5],0.323µm
A[6],0.323µm
_237_,0.322µm
u_xp13_lo_l3/_009_,0.322µm
xp4_lo_l1\[2\].u_xp4/_16_,0.322µm
u_xp17x7_carry/_000_,0.321µm
u_xp17x7_carry/_015_,0.321µm
_217_,0.32µm
u_xp13_lo_l3/_064_,0.319µm
u_xp13_lo_l3/_124_,0.319µm
xp3_s2l1\[2\].u_xp3/_04_,0.319µm
xp7_lo_l2\[1\].u_xp7/_057_,0.319µm
cell_oh_flat\[13\],0.317µm
u_xp17x7_carry/_072_,0.317µm
xp5_s2l2\[5\].u_xp5/_16_,0.317µm
xp5_s2l2\[7\].u_xp5/_02_,0.317µm
_037_,0.316µm
_074_,0.315µm
_283_,0.315µm
u_xp13_lo_l3/_185_,0.315µm
u_xp13_lo_l3/_199_,0.315µm
u_xp17x7_carry/_051_,0.315µm
xp3_s2l1\[7\].u_xp3/_09_,0.315µm
xp5_hi_l2\[1\].u_xp5/_22_,0.315µm
xp5_s2l2\[3\].u_xp5/_12_,0.315µm
xp4_lo_l1\[1\].u_xp4/_00_,0.314µm
xp3_s2l1\[6\].u_xp3/_00_,0.312µm
u_xp13_lo_l3/_121_,0.311µm
u_xp17x7_carry/_009_,0.311µm
hi_flat\[1\],0.31µm
_084_,0.308µm
ps_flat\[36\],0.308µm
xp3_s2l1\[2\].u_xp3/_06_,0.308µm
xp4_lo_l1\[3\].u_xp4/_02_,0.308µm
xp5_s2l2\[0\].u_xp5/_13_,0.308µm
xp7_lo_l2\[0\].u_xp7/_057_,0.308µm
u_xp13_lo_l3/_162_,0.306µm
u_xp17x7_carry/_099_,0.305µm
u_xp9_hi_l3/_032_,0.305µm
xp5_s2l2\[4\].u_xp5/_06_,0.305µm
_150_,0.304µm
_172_,0.304µm
xp3_s2l1\[0\].u_xp3/_06_,0.303µm
xp4_lo_l1\[1\].u_xp4/_09_,0.303µm
xp7_lo_l2\[0\].u_xp7/_006_,0.303µm
_125_,0.301µm
_199_,0.301µm
r4_split\[5\].boh\[7\],0.301µm
u_xp13_lo_l3/_020_,0.301µm
u_xp17x7_carry/_021_,0.301µm
u_xp9_hi_l3/sum_bit\[0\].grid_and,0.301µm
xp3_s2l1\[11\].u_xp3/_00_,0.301µm
xp5_hi_l2\[0\].u_xp5/_14_,0.301µm
xp5_s2l2\[1\].u_xp5/_09_,0.301µm
xp5_s2l2\[1\].u_xp5/_10_,0.301µm
xp5_s2l2\[5\].u_xp5/_10_,0.301µm
xp7_lo_l2\[1\].u_xp7/sum_bit\[0\].grid_and,0.301µm
A[50],0.299µm
u_xp17x7_carry/_108_,0.298µm
u_xp9_hi_l3/_091_,0.297µm
_178_,0.296µm
A[10],0.295µm
A[24],0.295µm
A[28],0.295µm
A[7],0.295µm
_042_,0.294µm
upper\[8\],0.294µm
u_xp13_lo_l3/_196_,0.294µm
u_xp9_hi_l3/_029_,0.294µm
xp3_s2l1\[7\].u_xp3/_07_,0.294µm
xp5_s2l2\[6\].u_xp5/_23_,0.294µm
xp7_lo_l2\[0\].u_xp7/_028_,0.294µm
xp7_lo_l2\[0\].u_xp7/_044_,0.294µm
u_xp13_lo_l3/_063_,0.293µm
u_xp13_lo_l3/_138_,0.293µm
u_xp13_lo_l3/_161_,0.293µm
u_xp13_lo_l3/_187_,0.291µm
u_xp17x7_carry/_008_,0.291µm
u_xp17x7_carry/_063_,0.291µm
u_xp9_hi_l3/_003_,0.291µm
xp3_s2l1\[14\].u_xp3/_09_,0.291µm
xp3_s2l1\[1\].u_xp3/_07_,0.291µm
xp3_s2l1\[8\].u_xp3/_09_,0.291µm
xp4_lo_l1\[3\].u_xp4/sum_bit\[0\].grid_and,0.291µm
xp5_s2l2\[3\].u_xp5/_23_,0.291µm
xp7_lo_l2\[0\].u_xp7/_041_,0.291µm
_297_,0.289µm
xp3_s2l1\[3\].u_xp3/_02_,0.289µm
xp3_hi_l1\[0\].u_xp3/sum_bit\[0\].grid_and,0.288µm
xp3_hi_l1\[3\].u_xp3/_07_,0.288µm
xp3_s2l1\[2\].u_xp3/sum_bit\[0\].grid_and,0.288µm
xp3_s2l1\[8\].u_xp3/_00_,0.288µm
xp5_s2l2\[2\].u_xp5/_16_,0.288µm
xp7_lo_l2\[0\].u_xp7/_025_,0.288µm
xp7_lo_l2\[1\].u_xp7/_028_,0.288µm
_061_,0.287µm
_155_,0.287µm
_179_,0.287µm
lo_flat\[27\],0.287µm
r4_split\[6\].boh\[0\],0.287µm
u_xp13_lo_l3/_112_,0.287µm
u_xp13_lo_l3/_119_,0.287µm
u_xp17x7_carry/_013_,0.287µm
xp3_hi_l1\[3\].u_xp3/_02_,0.287µm
xp3_s2l1\[15\].u_xp3/_01_,0.287µm
_187_,0.284µm
u_xp17x7_carry/_025_,0.284µm
_035_,0.28µm
u_xp13_lo_l3/_070_,0.28µm
xp3_s2l1\[13\].u_xp3/_02_,0.28µm
xp5_s2l2\[2\].u_xp5/_22_,0.28µm
xp5_s2l2\[3\].u_xp5/_19_,0.28µm
xp7_lo_l2\[0\].u_xp7/_002_,0.28µm
xp5_s2l2\[1\].u_xp5/_22_,0.279µm
xp5_s2l2\[5\].u_xp5/_12_,0.279µm
_214_,0.277µm
u_xp13_lo_l3/_108_,0.277µm
u_xp17x7_carry/_042_,0.277µm
xp3_s2l1\[5\].u_xp3/sum_bit\[0\].grid_and,0.277µm
xp4_lo_l1\[0\].u_xp4/_07_,0.277µm
_192_,0.276µm
r4_split\[3\].boh\[5\],0.276µm
xp5_s2l2\[0\].u_xp5/_11_,0.276µm
xp7_lo_l2\[1\].u_xp7/_039_,0.276µm
_024_,0.275µm
u_xp17x7_carry/_047_,0.275µm
xp3_s2l1\[8\].u_xp3/_07_,0.275µm
xp4_lo_l1\[2\].u_xp4/_17_,0.275µm
xp7_lo_l2\[0\].u_xp7/_046_,0.275µm
xp7_lo_l2\[1\].u_xp7/_044_,0.275µm
_045_,0.273µm
_194_,0.273µm
_287_,0.273µm
u_xp13_lo_l3/_155_,0.273µm
u_xp13_lo_l3/_158_,0.273µm
xp3_hi_l1\[1\].u_xp3/_07_,0.273µm
xp5_hi_l2\[0\].u_xp5/_22_,0.273µm
xp5_s2l2\[0\].u_xp5/_24_,0.273µm
xp5_s2l2\[6\].u_xp5/_09_,0.273µm
xp5_s2l2\[7\].u_xp5/_16_,0.273µm
xp7_lo_l2\[0\].u_xp7/_049_,0.273µm
_056_,0.272µm
_121_,0.272µm
_070_,0.271µm
_075_,0.27µm
_266_,0.27µm
_270_,0.27µm
u_xp13_lo_l3/_049_,0.27µm
u_xp13_lo_l3/_054_,0.27µm
_184_,0.269µm
xp5_hi_l2\[1\].u_xp5/_25_,0.269µm
_222_,0.268µm
u_xp17x7_carry/_144_,0.268µm
u_xp13_lo_l3/_024_,0.266µm
u_xp13_lo_l3/_128_,0.266µm
u_xp17x7_carry/_096_,0.266µm
u_xp9_hi_l3/_077_,0.266µm
xp3_s2l1\[6\].u_xp3/_06_,0.266µm
xp7_lo_l2\[1\].u_xp7/_043_,0.266µm
xp7_lo_l2\[1\].u_xp7/_056_,0.266µm
_036_,0.265µm
xp7_lo_l2\[1\].u_xp7/_047_,0.264µm
_215_,0.263µm
xp5_s2l2\[1\].u_xp5/_06_,0.263µm
xp5_s2l2\[2\].u_xp5/_25_,0.263µm
xp5_s2l2\[7\].u_xp5/_22_,0.263µm
u_xp13_lo_l3/_115_,0.262µm
xp3_s2l1\[14\].u_xp3/_04_,0.262µm
_296_,0.261µm
cell_oh_flat\[64\],0.261µm
u_xp13_lo_l3/_071_,0.261µm
u_xp9_hi_l3/_034_,0.261µm
xp5_s2l2\[2\].u_xp5/_19_,0.261µm
xp5_s2l2\[3\].u_xp5/_20_,0.261µm
xp7_lo_l2\[1\].u_xp7/_049_,0.261µm
u_xp13_lo_l3/_081_,0.26µm
xp5_s2l2\[0\].u_xp5/_05_,0.26µm
_060_,0.259µm
_099_,0.259µm
u_xp13_lo_l3/_025_,0.259µm
u_xp13_lo_l3/_053_,0.259µm
u_xp17x7_carry/_111_,0.259µm
u_xp17x7_carry/_115_,0.259µm
xp7_lo_l2\[0\].u_xp7/_007_,0.259µm
xp7_lo_l2\[1\].u_xp7/_055_,0.259µm
_107_,0.258µm
_171_,0.255µm
_243_,0.255µm
u_xp13_lo_l3/_133_,0.255µm
xp7_lo_l2\[1\].u_xp7/_033_,0.255µm
_127_,0.253µm
_248_,0.252µm
upper\[17\],0.252µm
u_xp13_lo_l3/_000_,0.252µm
u_xp13_lo_l3/_056_,0.252µm
u_xp13_lo_l3/_142_,0.252µm
u_xp17x7_carry/_133_,0.252µm
xp5_s2l2\[7\].u_xp5/sum_bit\[0\].grid_and,0.252µm
xp5_hi_l2\[1\].u_xp5/_09_,0.251µm
xp5_s2l2\[3\].u_xp5/_21_,0.251µm
xp7_lo_l2\[0\].u_xp7/_033_,0.251µm
_239_,0.249µm
u_xp13_lo_l3/_069_,0.249µm
xp5_s2l2\[4\].u_xp5/_25_,0.249µm
xp7_lo_l2\[1\].u_xp7/_054_,0.249µm
xp3_s2l1\[5\].u_xp3/_02_,0.248µm
xp5_s2l2\[2\].u_xp5/_11_,0.248µm
_053_,0.247µm
_226_,0.247µm
_275_,0.247µm
_288_,0.247µm
cell_oh_flat\[16\],0.247µm
u_xp13_lo_l3/_008_,0.247µm
u_xp13_lo_l3/_101_,0.247µm
u_xp9_hi_l3/_072_,0.247µm
_018_,0.246µm
u_xp13_lo_l3/_086_,0.246µm
_204_,0.245µm
_254_,0.245µm
u_xp13_lo_l3/_002_,0.245µm
u_xp13_lo_l3/_160_,0.245µm
u_xp17x7_carry/_039_,0.245µm
xp5_s2l2\[7\].u_xp5/_13_,0.245µm
xp4_lo_l1\[1\].u_xp4/_17_,0.243µm
_027_,0.242µm
_219_,0.242µm
_249_,0.241µm
_280_,0.24µm
_005_,0.238µm
_055_,0.238µm
_236_,0.238µm
u_xp13_lo_l3/_031_,0.238µm
u_xp13_lo_l3/_095_,0.238µm
u_xp17x7_carry/_002_,0.238µm
u_xp9_hi_l3/_027_,0.238µm
u_xp9_hi_l3/_056_,0.238µm
u_xp9_hi_l3/_058_,0.238µm
xp3_s2l1\[7\].u_xp3/sum_bit\[0\].grid_and,0.238µm
xp4_lo_l1\[2\].u_xp4/_06_,0.238µm
xp4_lo_l1\[3\].u_xp4/_06_,0.238µm
xp5_hi_l2\[0\].u_xp5/_09_,0.238µm
xp5_s2l2\[2\].u_xp5/_10_,0.238µm
xp7_lo_l2\[1\].u_xp7/_020_,0.238µm
xp7_lo_l2\[1\].u_xp7/_052_,0.238µm
u_xp9_hi_l3/_076_,0.237µm
xp5_hi_l2\[0\].u_xp5/sum_bit\[0\].grid_and,0.237µm
xp5_s2l2\[2\].u_xp5/_05_,0.237µm
cell_oh_flat\[76\],0.235µm
upper\[5\],0.235µm
_009_,0.233µm
_264_,0.233µm
u_xp13_lo_l3/_083_,0.233µm
xp4_lo_l1\[2\].u_xp4/sum_bit\[0\].grid_and,0.233µm
xp5_s2l2\[0\].u_xp5/_17_,0.233µm
_225_,0.232µm
_081_,0.231µm
_093_,0.231µm
_131_,0.231µm
_161_,0.231µm
_201_,0.231µm
low_sum\[8\],0.231µm
u_xp13_lo_l3/_057_,0.231µm
u_xp13_lo_l3/_104_,0.231µm
u_xp13_lo_l3/_164_,0.231µm
u_xp13_lo_l3/_210_,0.231µm
u_xp17x7_carry/_142_,0.231µm
u_xp17x7_carry/_146_,0.231µm
u_xp9_hi_l3/_037_,0.231µm
u_xp17x7_carry/_040_,0.23µm
u_xp17x7_carry/_135_,0.23µm
xp4_lo_l1\[1\].u_xp4/_02_,0.23µm
_068_,0.226µm
u_xp17x7_carry/_036_,0.224µm
u_xp17x7_carry/_131_,0.224µm
xp3_s2l1\[10\].u_xp3/sum_bit\[0\].grid_and,0.224µm
xp3_s2l1\[1\].u_xp3/_09_,0.224µm
xp5_s2l2\[6\].u_xp5/_06_,0.224µm
u_xp17x7_carry/_048_,0.223µm
u_xp17x7_carry/_037_,0.221µm
u_xp9_hi_l3/_030_,0.221µm
u_xp9_hi_l3/_066_,0.221µm
xp3_s2l1\[3\].u_xp3/_03_,0.221µm
xp4_lo_l1\[0\].u_xp4/_17_,0.221µm
xp4_lo_l1\[3\].u_xp4/_09_,0.221µm
xp5_s2l2\[5\].u_xp5/_22_,0.221µm
u_xp13_lo_l3/_140_,0.219µm
u_xp13_lo_l3/_174_,0.219µm
_001_,0.217µm
_109_,0.217µm
_206_,0.217µm
u_xp13_lo_l3/_027_,0.217µm
u_xp13_lo_l3/_117_,0.217µm
u_xp17x7_carry/_067_,0.217µm
u_xp9_hi_l3/_025_,0.217µm
u_xp9_hi_l3/_044_,0.217µm
xp5_s2l2\[4\].u_xp5/_23_,0.217µm
xp5_s2l2\[6\].u_xp5/_20_,0.217µm
xp5_s2l2\[7\].u_xp5/_05_,0.217µm
xp7_lo_l2\[0\].u_xp7/_022_,0.217µm
xp7_lo_l2\[1\].u_xp7/_040_,0.217µm
_177_,0.214µm
u_xp9_hi_l3/_021_,0.213µm
_278_,0.212µm
u_xp17x7_carry/_082_,0.211µm
u_xp13_lo_l3/_040_,0.21µm
u_xp13_lo_l3/_110_,0.21µm
u_xp13_lo_l3/_212_,0.21µm
u_xp17x7_carry/_074_,0.21µm
u_xp9_hi_l3/_014_,0.21µm
u_xp9_hi_l3/_059_,0.21µm
xp3_hi_l1\[1\].u_xp3/_02_,0.21µm
xp3_s2l1\[2\].u_xp3/_02_,0.21µm
xp3_s2l1\[2\].u_xp3/_09_,0.21µm
xp4_lo_l1\[0\].u_xp4/_06_,0.21µm
xp5_hi_l2\[0\].u_xp5/_10_,0.21µm
xp7_lo_l2\[0\].u_xp7/_013_,0.21µm
xp7_lo_l2\[0\].u_xp7/_024_,0.21µm
_066_,0.209µm
u_xp9_hi_l3/_009_,0.209µm
u_xp9_hi_l3/_071_,0.209µm
xp3_s2l1\[12\].u_xp3/_07_,0.209µm
u_xp13_lo_l3/_003_,0.207µm
u_xp13_lo_l3/_190_,0.207µm
u_xp13_lo_l3/_195_,0.207µm
u_xp17x7_carry/_070_,0.207µm
u_xp17x7_carry/_092_,0.207µm
u_xp9_hi_l3/_078_,0.207µm
xp5_s2l2\[2\].u_xp5/_09_,0.207µm
xp5_s2l2\[3\].u_xp5/_10_,0.207µm
xp7_lo_l2\[0\].u_xp7/_020_,0.207µm
u_xp17x7_carry/_053_,0.206µm
u_xp9_hi_l3/_052_,0.206µm
u_xp13_lo_l3/_055_,0.205µm
u_xp13_lo_l3/_103_,0.205µm
u_xp17x7_carry/_119_,0.205µm
u_xp9_hi_l3/_031_,0.205µm
low_sum\[20\],0.204µm
_065_,0.203µm
_247_,0.203µm
u_xp13_lo_l3/_122_,0.203µm
u_xp17x7_carry/_052_,0.203µm
xp3_s2l1\[0\].u_xp3/_07_,0.203µm
xp3_s2l1\[4\].u_xp3/_02_,0.203µm
xp3_s2l1\[9\].u_xp3/_07_,0.203µm
xp4_lo_l1\[0\].u_xp4/_14_,0.203µm
xp5_s2l2\[1\].u_xp5/_05_,0.203µm
xp5_s2l2\[2\].u_xp5/_06_,0.203µm
xp5_s2l2\[3\].u_xp5/_09_,0.203µm
xp7_lo_l2\[0\].u_xp7/_014_,0.203µm
xp7_lo_l2\[0\].u_xp7/_047_,0.203µm
_277_,0.202µm
_281_,0.202µm
xp3_s2l1\[9\].u_xp3/_00_,0.202µm
xp7_lo_l2\[1\].u_xp7/_022_,0.2µm
u_xp13_lo_l3/_037_,0.199µm
u_xp13_lo_l3/_092_,0.199µm
xp4_lo_l1\[3\].u_xp4/_12_,0.199µm
xp5_s2l2\[6\].u_xp5/_05_,0.199µm
xp7_lo_l2\[1\].u_xp7/_031_,0.199µm
_023_,0.198µm
_072_,0.198µm
_244_,0.198µm
xp5_s2l2\[0\].u_xp5/_25_,0.198µm
_000_,0.196µm
_227_,0.196µm
u_xp13_lo_l3/_028_,0.196µm
u_xp13_lo_l3/_067_,0.196µm
u_xp13_lo_l3/_167_,0.196µm
u_xp9_hi_l3/_093_,0.196µm
xp3_s2l1\[14\].u_xp3/_02_,0.196µm
xp3_s2l1\[14\].u_xp3/sum_bit\[0\].grid_and,0.196µm
xp3_s2l1\[5\].u_xp3/_07_,0.196µm
xp3_s2l1\[7\].u_xp3/_02_,0.196µm
xp3_s2l1\[7\].u_xp3/_06_,0.196µm
xp5_s2l2\[2\].u_xp5/_17_,0.196µm
xp7_lo_l2\[1\].u_xp7/_007_,0.196µm
xp7_lo_l2\[1\].u_xp7/_041_,0.196µm
xp5_hi_l2\[0\].u_xp5/_02_,0.195µm
_279_,0.194µm
xp4_lo_l1\[3\].u_xp4/_15_,0.194µm
u_xp9_hi_l3/_092_,0.193µm
u_xp13_lo_l3/_098_,0.192µm
u_xp13_lo_l3/_168_,0.192µm
u_xp17x7_carry/_125_,0.192µm
u_xp9_hi_l3/_012_,0.192µm
xp3_hi_l1\[2\].u_xp3/_06_,0.192µm
xp5_s2l2\[6\].u_xp5/_16_,0.192µm
xp7_lo_l2\[1\].u_xp7/_014_,0.192µm
u_xp13_lo_l3/_091_,0.191µm
u_xp17x7_carry/_020_,0.191µm
u_xp17x7_carry/_128_,0.191µm
u_xp9_hi_l3/_067_,0.191µm
xp5_s2l2\[7\].u_xp5/_10_,0.191µm
xp7_lo_l2\[0\].u_xp7/_052_,0.191µm
u_xp17x7_carry/_062_,0.19µm
u_xp9_hi_l3/_016_,0.19µm
_049_,0.189µm
_238_,0.189µm
u_xp13_lo_l3/_093_,0.189µm
u_xp13_lo_l3/_149_,0.189µm
u_xp13_lo_l3/_169_,0.189µm
u_xp13_lo_l3/_192_,0.189µm
u_xp17x7_carry/_012_,0.189µm
u_xp17x7_carry/_094_,0.189µm
u_xp17x7_carry/_120_,0.189µm
u_xp9_hi_l3/_033_,0.189µm
u_xp9_hi_l3/_049_,0.189µm
u_xp9_hi_l3/_063_,0.189µm
xp4_lo_l1\[0\].u_xp4/_13_,0.189µm
xp4_lo_l1\[2\].u_xp4/_07_,0.189µm
xp5_hi_l2\[0\].u_xp5/_20_,0.189µm
xp5_s2l2\[2\].u_xp5/sum_bit\[0\].grid_and,0.189µm
xp5_s2l2\[3\].u_xp5/_17_,0.189µm
xp5_s2l2\[3\].u_xp5/_25_,0.189µm
xp5_s2l2\[4\].u_xp5/_20_,0.189µm
xp5_s2l2\[5\].u_xp5/_19_,0.189µm
xp7_lo_l2\[0\].u_xp7/_010_,0.189µm
xp7_lo_l2\[1\].u_xp7/_026_,0.189µm
_103_,0.187µm
_229_,0.187µm
_020_,0.186µm
_245_,0.186µm
xp3_s2l1\[11\].u_xp3/_06_,0.186µm
_259_,0.185µm
_033_,0.184µm
_087_,0.184µm
_234_,0.184µm
low_sum\[16\],0.182µm
upper\[1\],0.182µm
u_xp13_lo_l3/_023_,0.182µm
u_xp13_lo_l3/_079_,0.182µm
u_xp13_lo_l3/_082_,0.182µm
u_xp13_lo_l3/_152_,0.182µm
u_xp13_lo_l3/_166_,0.182µm
u_xp13_lo_l3/_182_,0.182µm
u_xp13_lo_l3/_206_,0.182µm
u_xp17x7_carry/_065_,0.182µm
xp5_hi_l2\[0\].u_xp5/_05_,0.182µm
xp5_s2l2\[1\].u_xp5/_19_,0.182µm
xp5_s2l2\[3\].u_xp5/sum_bit\[0\].grid_and,0.182µm
xp7_lo_l2\[0\].u_xp7/_017_,0.182µm
u_xp13_lo_l3/_022_,0.181µm
u_xp9_hi_l3/_087_,0.181µm
xp3_hi_l1\[0\].u_xp3/_09_,0.181µm
xp7_lo_l2\[0\].u_xp7/_031_,0.181µm
u_xp13_lo_l3/_029_,0.179µm
u_xp13_lo_l3/_204_,0.179µm
u_xp17x7_carry/_057_,0.179µm
u_xp17x7_carry/_079_,0.179µm
u_xp9_hi_l3/_047_,0.179µm
u_xp9_hi_l3/_062_,0.179µm
u_xp9_hi_l3/_094_,0.179µm
xp3_s2l1\[14\].u_xp3/_07_,0.179µm
xp7_lo_l2\[0\].u_xp7/_029_,0.179µm
xp7_lo_l2\[0\].u_xp7/_011_,0.178µm
u_xp13_lo_l3/_189_,0.177µm
u_xp17x7_carry/_033_,0.177µm
u_xp9_hi_l3/_089_,0.177µm
xp5_s2l2\[3\].u_xp5/_05_,0.177µm
xp5_s2l2\[4\].u_xp5/_05_,0.177µm
xp7_lo_l2\[0\].u_xp7/_023_,0.177µm
xp7_lo_l2\[0\].u_xp7/_026_,0.177µm
_295_,0.175µm
u_xp17x7_carry/_006_,0.175µm
u_xp17x7_carry/_088_,0.175µm
u_xp9_hi_l3/_015_,0.175µm
xp3_s2l1\[1\].u_xp3/_02_,0.175µm
xp5_hi_l2\[1\].u_xp5/_12_,0.175µm
xp5_hi_l2\[1\].u_xp5/_16_,0.175µm
xp5_s2l2\[0\].u_xp5/_12_,0.175µm
xp5_s2l2\[0\].u_xp5/_20_,0.175µm
xp5_s2l2\[4\].u_xp5/_13_,0.175µm
u_xp9_hi_l3/_045_,0.173µm
_129_,0.17µm
_043_,0.168µm
_240_,0.168µm
u_xp13_lo_l3/_048_,0.168µm
u_xp13_lo_l3/_073_,0.168µm
u_xp13_lo_l3/_146_,0.168µm
u_xp17x7_carry/_061_,0.168µm
xp3_s2l1\[10\].u_xp3/_06_,0.168µm
xp3_s2l1\[13\].u_xp3/_07_,0.168µm
xp3_s2l1\[13\].u_xp3/sum_bit\[0\].grid_and,0.168µm
xp5_hi_l2\[0\].u_xp5/_12_,0.168µm
xp5_hi_l2\[0\].u_xp5/_23_,0.168µm
xp5_s2l2\[0\].u_xp5/_23_,0.168µm
xp5_s2l2\[1\].u_xp5/_25_,0.168µm
xp5_s2l2\[3\].u_xp5/_16_,0.168µm
xp7_lo_l2\[1\].u_xp7/_025_,0.168µm
_006_,0.167µm
upper\[4\],0.167µm
u_xp13_lo_l3/_202_,0.167µm
u_xp9_hi_l3/_035_,0.167µm
xp3_s2l1\[4\].u_xp3/sum_bit\[0\].grid_and,0.167µm
u_xp9_hi_l3/_026_,0.165µm
u_xp13_lo_l3/_200_,0.164µm
u_xp13_lo_l3/_213_,0.164µm
xp5_hi_l2\[1\].u_xp5/_20_,0.164µm
xp5_s2l2\[2\].u_xp5/_23_,0.164µm
xp7_lo_l2\[1\].u_xp7/_011_,0.164µm
u_xp13_lo_l3/_134_,0.163µm
u_xp9_hi_l3/_084_,0.163µm
xp5_s2l2\[7\].u_xp5/_20_,0.162µm
_111_,0.161µm
_223_,0.161µm
u_xp17x7_carry/_069_,0.161µm
u_xp17x7_carry/_078_,0.161µm
u_xp17x7_carry/_080_,0.161µm
u_xp17x7_carry/_091_,0.161µm
u_xp9_hi_l3/_068_,0.161µm
xp3_s2l1\[3\].u_xp3/_07_,0.161µm
xp7_lo_l2\[0\].u_xp7/_040_,0.161µm
xp7_lo_l2\[0\].u_xp7/_043_,0.161µm
_079_,0.16µm
_208_,0.16µm
_246_,0.16µm
_052_,0.159µm
_057_,0.158µm
_207_,0.158µm
_022_,0.156µm
_062_,0.156µm
_063_,0.156µm
xp4_lo_l1\[2\].u_xp4/_10_,0.156µm
low_sum\[4\],0.154µm
xp3_s2l1\[9\].u_xp3/_02_,0.154µm
xp5_s2l2\[3\].u_xp5/_02_,0.154µm
xp5_s2l2\[5\].u_xp5/_17_,0.154µm
_262_,0.153µm
u_xp17x7_carry/_071_,0.151µm
xp5_s2l2\[1\].u_xp5/_23_,0.151µm
xp7_lo_l2\[0\].u_xp7/_050_,0.151µm
u_xp9_hi_l3/_020_,0.15µm
xp5_s2l2\[4\].u_xp5/_17_,0.15µm
_260_,0.149µm
_298_,0.149µm
u_xp13_lo_l3/_150_,0.149µm
u_xp17x7_carry/_003_,0.149µm
u_xp9_hi_l3/_088_,0.148µm
xp4_lo_l1\[1\].u_xp4/_15_,0.148µm
xp5_s2l2\[5\].u_xp5/_13_,0.148µm
_032_,0.147µm
_153_,0.147µm
_163_,0.147µm
u_xp13_lo_l3/_058_,0.147µm
u_xp13_lo_l3/_114_,0.147µm
xp4_lo_l1\[1\].u_xp4/_14_,0.147µm
_185_,0.144µm
_073_,0.143µm
u_xp13_lo_l3/_017_,0.14µm
u_xp13_lo_l3/_036_,0.14µm
u_xp13_lo_l3/_084_,0.14µm
u_xp17x7_carry/_109_,0.14µm
u_xp9_hi_l3/_040_,0.14µm
_286_,0.139µm
xp7_lo_l2\[1\].u_xp7/_046_,0.139µm
u_xp13_lo_l3/_014_,0.137µm
u_xp9_hi_l3/_028_,0.137µm
u_xp9_hi_l3/_073_,0.137µm
_047_,0.136µm
u_xp13_lo_l3/_144_,0.136µm
_213_,0.135µm
u_xp17x7_carry/_030_,0.135µm
u_xp17x7_carry/_035_,0.135µm
u_xp9_hi_l3/_069_,0.135µm
xp4_lo_l1\[2\].u_xp4/_13_,0.135µm
_002_,0.133µm
_293_,0.133µm
u_xp13_lo_l3/_097_,0.133µm
xp3_hi_l1\[3\].u_xp3/_06_,0.133µm
xp5_hi_l2\[0\].u_xp5/_24_,0.133µm
xp7_lo_l2\[0\].u_xp7/sum_bit\[0\].grid_and,0.133µm
_241_,0.13µm
_228_,0.129µm
u_xp13_lo_l3/_193_,0.126µm
u_xp13_lo_l3/_209_,0.126µm
u_xp17x7_carry/_016_,0.126µm
u_xp17x7_carry/_124_,0.126µm
u_xp17x7_carry/_137_,0.126µm
xp5_hi_l2\[1\].u_xp5/_02_,0.126µm
xp5_hi_l2\[1\].u_xp5/_19_,0.126µm
xp5_s2l2\[5\].u_xp5/_20_,0.126µm
xp7_lo_l2\[0\].u_xp7/_039_,0.126µm
u_xp17x7_carry/sum_bit\[0\].grid_and,0.125µm
xp5_s2l2\[4\].u_xp5/_19_,0.125µm
u_xp13_lo_l3/_035_,0.123µm
u_xp13_lo_l3/_135_,0.123µm
u_xp9_hi_l3/_022_,0.123µm
xp3_s2l1\[5\].u_xp3/_06_,0.123µm
xp5_hi_l2\[1\].u_xp5/_23_,0.123µm
u_xp13_lo_l3/_077_,0.121µm
_299_,0.12µm
xp7_lo_l2\[1\].u_xp7/_029_,0.12µm
_016_,0.119µm
_265_,0.119µm
u_xp13_lo_l3/_085_,0.119µm
u_xp13_lo_l3/_159_,0.119µm
u_xp17x7_carry/_116_,0.119µm
xp4_lo_l1\[2\].u_xp4/_12_,0.119µm
_289_,0.118µm
_008_,0.116µm
_083_,0.116µm
u_xp13_lo_l3/_151_,0.116µm
u_xp17x7_carry/_132_,0.116µm
xp5_s2l2\[4\].u_xp5/_12_,0.113µm
xp5_s2l2\[6\].u_xp5/_10_,0.113µm
xp5_s2l2\[7\].u_xp5/_23_,0.113µm
_216_,0.112µm
u_xp13_lo_l3/_102_,0.112µm
u_xp17x7_carry/_141_,0.112µm
xp3_s2l1\[9\].u_xp3/_06_,0.112µm
xp7_lo_l2\[0\].u_xp7/_021_,0.112µm
xp3_s2l1\[0\].u_xp3/sum_bit\[0\].grid_and,0.111µm
xp4_lo_l1\[1\].u_xp4/sum_bit\[0\].grid_and,0.111µm
u_xp13_lo_l3/_123_,0.109µm
u_xp13_lo_l3/_041_,0.108µm
u_xp13_lo_l3/_078_,0.107µm
u_xp13_lo_l3/_139_,0.107µm
xp5_s2l2\[0\].u_xp5/_16_,0.107µm
u_xp9_hi_l3/_081_,0.106µm
_077_,0.105µm
_205_,0.105µm
u_xp13_lo_l3/_016_,0.105µm
u_xp13_lo_l3/_156_,0.105µm
u_xp9_hi_l3/_019_,0.105µm
u_xp9_hi_l3/_082_,0.105µm
xp3_s2l1\[3\].u_xp3/sum_bit\[0\].grid_and,0.105µm
xp3_s2l1\[4\].u_xp3/_06_,0.105µm
xp5_s2l2\[7\].u_xp5/_12_,0.105µm
u_xp13_lo_l3/_038_,0.103µm
_133_,0.102µm
_101_,0.099µm
_135_,0.099µm
_189_,0.099µm
_218_,0.099µm
xp4_lo_l1\[3\].u_xp4/_10_,0.098µm
xp5_s2l2\[2\].u_xp5/_13_,0.098µm
_232_,0.097µm
low_sum\[0\],0.095µm
u_xp13_lo_l3/_050_,0.094µm
u_xp13_lo_l3/_184_,0.094µm
u_xp17x7_carry/_018_,0.094µm
u_xp17x7_carry/_101_,0.094µm
xp3_s2l1\[15\].u_xp3/_06_,0.094µm
xp5_s2l2\[7\].u_xp5/_06_,0.094µm
_095_,0.091µm
u_xp13_lo_l3/_087_,0.091µm
xp5_s2l2\[6\].u_xp5/_25_,0.091µm
_029_,0.086µm
_097_,0.086µm
u_xp13_lo_l3/_129_,0.078µm
u_xp17x7_carry/_038_,0.078µm
u_xp9_hi_l3/_011_,0.078µm
xp3_s2l1\[15\].u_xp3/_02_,0.078µm
xp4_lo_l1\[0\].u_xp4/_12_,0.078µm
xp7_lo_l2\[1\].u_xp7/_053_,0.078µm
_230_,0.077µm
xp4_lo_l1\[3\].u_xp4/_07_,0.077µm
_105_,0.076µm
_113_,0.076µm
_085_,0.074µm
_141_,0.063µm
